timestamp,temp_C,humidity_pct,wind_kmh,rain_mm
2023-01-01 00:00:00,17.6,82.0,5.8,0.0
2023-01-01 01:00:00,17.1,85.0,3.3,0.0
2023-01-01 02:00:00,,83.0,5.0,0.0
2023-01-01 03:00:00,17.1,83.0,4.6,0.0
2023-01-01 04:00:00,16.6,85.0,4.3,0.0
2023-01-01 05:00:00,16.5,87.0,4.3,0.0
2023-01-01 06:00:00,15.9,90.0,4.7,0.0
2023-01-01 07:00:00,,92.0,7.3,0.0
2023-01-01 08:00:00,14.8,95.0,,0.0
2023-01-01 09:00:00,14.4,98.0,8.5,0.0
2023-01-01 10:00:00,15.0,95.0,7.8,0.0
2023-01-01 11:00:00,16.9,89.0,7.4,0.0
2023-01-01 12:00:00,18.6,82.0,7.2,0.0
2023-01-01 13:00:00,19.9,76.0,10.9,0.0
2023-01-01 14:00:00,20.9,73.0,15.3,0.0
2023-01-01 15:00:00,21.6,71.0,19.4,0.0
2023-01-01 16:00:00,22.0,69.0,21.9,0.0
2023-01-01 17:00:00,22.4,67.0,23.7,0.0
2023-01-01 18:00:00,22.4,67.0,25.9,
2023-01-01 19:00:00,21.7,69.0,26.3,0.0
2023-01-01 20:00:00,21.6,70.0,24.8,0.0
2023-01-01 21:00:00,21.6,69.0,22.7,0.0
2023-01-01 22:00:00,21.1,71.0,20.9,0.0
2023-01-01 23:00:00,20.4,72.0,20.1,
2023-01-02 00:00:00,19.6,74.0,19.0,0.0
2023-01-02 01:00:00,18.6,78.0,18.8,0.0
2023-01-02 02:00:00,17.8,81.0,18.0,0.0
2023-01-02 03:00:00,17.0,83.0,16.0,0.0
2023-01-02 04:00:00,16.4,84.0,15.4,0.0
2023-01-02 05:00:00,15.7,85.0,15.7,0.0
2023-01-02 06:00:00,15.1,87.0,15.6,0.0
2023-01-02 07:00:00,15.1,86.0,14.5,0.0
2023-01-02 08:00:00,15.2,86.0,13.0,0.0
2023-01-02 09:00:00,15.4,85.0,11.5,0.0
2023-01-02 10:00:00,14.3,91.0,9.5,0.0
2023-01-02 11:00:00,16.3,84.0,11.3,0.0
2023-01-02 12:00:00,17.8,78.0,12.2,0.0
2023-01-02 13:00:00,18.7,75.0,13.7,0.0
2023-01-02 14:00:00,19.3,73.0,15.5,0.0
2023-01-02 15:00:00,20.1,71.0,17.4,0.0
2023-01-02 16:00:00,20.4,71.0,19.1,0.0
2023-01-02 17:00:00,20.7,70.0,19.6,0.0
2023-01-02 18:00:00,21.1,68.0,19.9,0.0
2023-01-02 19:00:00,20.9,69.0,21.1,
2023-01-02 20:00:00,20.5,70.0,22.2,0.0
2023-01-02 21:00:00,20.1,70.0,21.3,0.0
2023-01-02 22:00:00,19.2,72.0,18.8,0.0
2023-01-02 23:00:00,18.4,74.0,17.7,0.0
2023-01-03 00:00:00,17.4,,17.7,
2023-01-03 01:00:00,16.9,79.0,17.1,0.0
2023-01-03 02:00:00,16.7,80.0,15.5,0.0
2023-01-03 03:00:00,,,13.8,0.0
2023-01-03 04:00:00,15.4,84.0,12.8,
2023-01-03 05:00:00,15.4,83.0,11.4,0.0
2023-01-03 06:00:00,15.2,84.0,10.4,0.0
2023-01-03 07:00:00,14.4,87.0,9.8,0.0
2023-01-03 08:00:00,13.9,,8.6,
2023-01-03 09:00:00,13.8,91.0,8.0,0.0
2023-01-03 10:00:00,14.1,90.0,5.8,
2023-01-03 11:00:00,16.1,82.0,5.9,0.0
2023-01-03 12:00:00,,72.0,8.7,0.0
2023-01-03 13:00:00,19.5,68.0,10.6,0.0
2023-01-03 14:00:00,20.4,64.0,14.0,0.0
2023-01-03 15:00:00,21.2,61.0,17.6,0.0
2023-01-03 16:00:00,21.8,59.0,20.6,
2023-01-03 17:00:00,22.8,57.0,22.7,0.0
2023-01-03 18:00:00,23.0,56.0,24.2,0.0
2023-01-03 19:00:00,23.1,57.0,24.3,0.0
2023-01-03 20:00:00,22.9,57.0,23.4,0.0
2023-01-03 21:00:00,22.0,59.0,22.0,0.0
2023-01-03 22:00:00,21.5,62.0,19.9,0.0
2023-01-03 23:00:00,20.6,65.0,18.2,0.0
2023-01-04 00:00:00,19.8,70.0,14.0,0.0
2023-01-04 01:00:00,18.4,77.0,13.6,0.0
2023-01-04 02:00:00,17.6,79.0,11.9,0.0
2023-01-04 03:00:00,16.6,82.0,7.9,0.0
2023-01-04 04:00:00,15.9,85.0,5.4,0.0
2023-01-04 05:00:00,15.3,86.0,3.6,0.0
2023-01-04 06:00:00,14.7,89.0,2.5,
2023-01-04 07:00:00,14.3,91.0,2.1,0.0
2023-01-04 08:00:00,14.1,92.0,1.4,0.0
2023-01-04 09:00:00,13.9,92.0,2.3,0.0
2023-01-04 10:00:00,14.2,93.0,4.5,0.0
2023-01-04 11:00:00,16.4,85.0,7.6,0.0
2023-01-04 12:00:00,18.0,82.0,10.5,0.0
2023-01-04 13:00:00,19.1,78.0,12.9,
2023-01-04 14:00:00,20.5,71.0,15.1,0.0
2023-01-04 15:00:00,21.4,70.0,17.6,0.0
2023-01-04 16:00:00,21.8,69.0,18.9,0.0
2023-01-04 17:00:00,22.1,69.0,18.1,0.0
2023-01-04 18:00:00,22.1,69.0,17.3,0.0
2023-01-04 19:00:00,21.9,71.0,16.1,
2023-01-04 20:00:00,21.6,72.0,14.3,0.0
2023-01-04 21:00:00,21.1,74.0,13.5,0.0
2023-01-04 22:00:00,20.1,78.0,13.0,0.0
2023-01-04 23:00:00,19.3,81.0,10.0,0.0
2023-01-05 00:00:00,18.4,85.0,8.7,0.0
2023-01-05 01:00:00,17.8,89.0,7.4,0.0
2023-01-05 02:00:00,17.0,94.0,6.4,0.0
2023-01-05 03:00:00,16.3,97.0,7.8,0.0
2023-01-05 04:00:00,16.1,99.0,9.7,0.0
2023-01-05 05:00:00,16.0,99.0,11.6,0.0
2023-01-05 06:00:00,16.1,99.0,12.6,0.0
2023-01-05 07:00:00,16.1,99.0,13.3,0.0
2023-01-05 08:00:00,16.0,,13.4,0.0
2023-01-05 09:00:00,16.2,97.0,12.6,0.0
2023-01-05 10:00:00,16.7,94.0,10.2,0.0
2023-01-05 11:00:00,17.1,91.0,10.2,0.0
2023-01-05 12:00:00,17.6,88.0,11.4,0.0
2023-01-05 13:00:00,18.2,84.0,13.2,0.0
2023-01-05 14:00:00,,82.0,14.0,0.0
2023-01-05 15:00:00,18.9,80.0,14.8,0.0
2023-01-05 16:00:00,19.8,77.0,15.3,0.0
2023-01-05 17:00:00,20.4,74.0,14.8,0.0
2023-01-05 18:00:00,21.0,70.0,14.9,0.0
2023-01-05 19:00:00,21.2,70.0,15.1,0.0
2023-01-05 20:00:00,21.2,70.0,13.9,0.0
2023-01-05 21:00:00,21.2,69.0,11.8,0.0
2023-01-05 22:00:00,20.2,75.0,9.5,0.0
2023-01-05 23:00:00,19.3,79.0,6.8,0.0
2023-01-06 00:00:00,18.4,83.0,4.1,0.0
2023-01-06 01:00:00,17.9,86.0,,0.0
2023-01-06 02:00:00,17.2,89.0,4.0,0.0
2023-01-06 03:00:00,16.4,93.0,3.0,0.0
2023-01-06 04:00:00,15.9,94.0,2.4,0.0
2023-01-06 05:00:00,15.7,94.0,2.5,0.0
2023-01-06 06:00:00,15.8,93.0,0.0,0.0
2023-01-06 07:00:00,15.7,94.0,2.9,0.0
2023-01-06 08:00:00,15.4,95.0,3.3,
2023-01-06 09:00:00,15.3,95.0,3.7,0.0
2023-01-06 10:00:00,15.7,94.0,5.0,
2023-01-06 11:00:00,16.8,90.0,5.4,0.0
2023-01-06 12:00:00,18.0,85.0,7.3,0.0
2023-01-06 13:00:00,19.0,81.0,8.4,0.0
2023-01-06 14:00:00,19.8,76.0,8.3,0.0
2023-01-06 15:00:00,20.6,72.0,,0.0
2023-01-06 16:00:00,21.5,67.0,11.8,0.0
2023-01-06 17:00:00,22.0,,12.7,0.0
2023-01-06 18:00:00,22.6,64.0,14.1,0.0
2023-01-06 19:00:00,22.5,65.0,14.8,0.0
2023-01-06 20:00:00,22.0,68.0,15.0,0.0
2023-01-06 21:00:00,21.5,70.0,13.1,0.0
2023-01-06 22:00:00,21.0,70.0,11.2,0.0
2023-01-06 23:00:00,20.3,73.0,,0.0
2023-01-07 00:00:00,19.3,77.0,12.1,0.0
2023-01-07 01:00:00,18.9,78.0,10.0,0.0
2023-01-07 02:00:00,18.5,79.0,8.2,0.0
2023-01-07 03:00:00,17.8,82.0,7.1,0.0
2023-01-07 04:00:00,17.2,86.0,6.8,0.0
2023-01-07 05:00:00,16.7,89.0,7.3,0.0
2023-01-07 06:00:00,16.4,90.0,,0.0
2023-01-07 07:00:00,16.2,90.0,,0.0
2023-01-07 08:00:00,16.4,89.0,5.2,0.0
2023-01-07 09:00:00,16.2,90.0,5.8,0.0
2023-01-07 10:00:00,16.0,91.0,2.9,
2023-01-07 11:00:00,17.5,,,0.0
2023-01-07 12:00:00,18.8,78.0,4.6,0.0
2023-01-07 13:00:00,19.7,75.0,7.5,0.0
2023-01-07 14:00:00,20.6,71.0,,0.0
2023-01-07 15:00:00,21.3,68.0,12.1,0.0
2023-01-07 16:00:00,21.8,66.0,13.9,0.0
2023-01-07 17:00:00,22.1,,15.8,0.0
2023-01-07 18:00:00,22.7,63.0,17.5,0.0
2023-01-07 19:00:00,21.9,67.0,18.0,0.0
2023-01-07 20:00:00,21.4,70.0,17.6,0.0
2023-01-07 21:00:00,21.2,71.0,17.5,0.0
2023-01-07 22:00:00,20.9,70.0,14.6,0.0
2023-01-07 23:00:00,20.2,73.0,15.5,0.0
2023-01-08 00:00:00,19.5,76.0,14.2,
2023-01-08 01:00:00,19.1,78.0,12.9,0.0
2023-01-08 02:00:00,18.4,81.0,13.0,0.0
2023-01-08 03:00:00,17.8,,12.2,0.0
2023-01-08 04:00:00,,85.0,12.1,0.0
2023-01-08 05:00:00,17.1,87.0,11.2,0.0
2023-01-08 06:00:00,17.2,86.0,10.1,0.0
2023-01-08 07:00:00,16.9,86.0,8.8,0.0
2023-01-08 08:00:00,16.4,88.0,8.0,0.0
2023-01-08 09:00:00,31.0,90.0,5.4,0.0
2023-01-08 10:00:00,15.9,91.0,3.1,0.0
2023-01-08 11:00:00,,82.0,,0.0
2023-01-08 12:00:00,19.3,77.0,7.9,0.0
2023-01-08 13:00:00,20.0,74.0,12.5,0.0
2023-01-08 14:00:00,20.3,72.0,14.2,0.0
2023-01-08 15:00:00,20.9,70.0,13.8,0.0
2023-01-08 16:00:00,21.5,68.0,13.7,0.0
2023-01-08 17:00:00,21.8,66.0,15.1,0.0
2023-01-08 18:00:00,22.0,65.0,15.3,0.0
2023-01-08 19:00:00,21.7,,,0.0
2023-01-08 20:00:00,21.8,65.0,14.3,0.0
2023-01-08 21:00:00,21.3,67.0,13.4,0.0
2023-01-08 22:00:00,19.9,73.0,11.6,0.0
2023-01-08 23:00:00,19.0,77.0,10.1,0.0
2023-01-09 00:00:00,18.1,81.0,9.4,0.0
2023-01-09 01:00:00,17.6,83.0,8.1,0.0
2023-01-09 02:00:00,17.3,,,0.0
2023-01-09 03:00:00,16.8,87.0,11.6,0.0
2023-01-09 04:00:00,16.6,87.0,11.2,0.0
2023-01-09 05:00:00,16.5,88.0,11.0,0.0
2023-01-09 06:00:00,16.2,90.0,10.6,0.0
2023-01-09 07:00:00,16.0,,8.9,0.0
2023-01-09 08:00:00,,91.0,8.5,0.0
2023-01-09 09:00:00,16.1,90.0,8.1,0.0
2023-01-09 10:00:00,16.3,89.0,5.1,0.0
2023-01-09 11:00:00,16.7,87.0,2.6,0.0
2023-01-09 12:00:00,,83.0,7.1,0.0
2023-01-09 13:00:00,18.2,79.0,10.4,
2023-01-09 14:00:00,18.9,76.0,10.8,0.0
2023-01-09 15:00:00,19.8,73.0,11.8,0.0
2023-01-09 16:00:00,20.3,,12.6,0.0
2023-01-09 17:00:00,20.6,71.0,14.1,0.0
2023-01-09 18:00:00,20.7,,14.6,0.0
2023-01-09 19:00:00,20.7,71.0,14.4,0.0
2023-01-09 20:00:00,20.4,,14.7,0.0
2023-01-09 21:00:00,19.8,74.0,13.2,0.0
2023-01-09 22:00:00,18.9,77.0,10.3,0.0
2023-01-09 23:00:00,18.1,81.0,8.9,0.0
2023-01-10 00:00:00,17.3,85.0,7.3,0.0
2023-01-10 01:00:00,,86.0,7.1,0.0
2023-01-10 02:00:00,16.8,87.0,8.0,0.0
2023-01-10 03:00:00,16.7,88.0,7.7,0.0
2023-01-10 04:00:00,16.4,91.0,7.4,0.0
2023-01-10 05:00:00,16.2,91.0,8.5,0.0
2023-01-10 06:00:00,16.5,89.0,8.0,0.0
2023-01-10 07:00:00,16.4,89.0,6.8,0.0
2023-01-10 08:00:00,15.9,92.0,6.9,0.0
2023-01-10 09:00:00,16.0,92.0,10.8,0.0
2023-01-10 10:00:00,16.0,91.0,10.3,0.0
2023-01-10 11:00:00,16.9,86.0,9.5,
2023-01-10 12:00:00,17.8,,9.5,0.0
2023-01-10 13:00:00,18.8,76.0,8.4,
2023-01-10 14:00:00,19.5,74.0,9.4,0.0
2023-01-10 15:00:00,20.5,70.0,11.1,
2023-01-10 16:00:00,,68.0,14.3,0.0
2023-01-10 17:00:00,21.3,68.0,17.7,0.0
2023-01-10 18:00:00,21.7,68.0,19.6,
2023-01-10 19:00:00,21.7,70.0,18.8,0.0
2023-01-10 20:00:00,21.7,70.0,,0.0
2023-01-10 21:00:00,21.6,70.0,16.1,0.0
2023-01-10 22:00:00,20.8,76.0,17.0,0.0
2023-01-10 23:00:00,19.8,80.0,16.0,0.0
2023-01-11 00:00:00,19.1,83.0,15.0,0.0
2023-01-11 01:00:00,,85.0,13.9,0.0
2023-01-11 02:00:00,18.1,86.0,,0.0
2023-01-11 03:00:00,17.5,88.0,12.2,0.0
2023-01-11 04:00:00,17.2,88.0,12.4,0.0
2023-01-11 05:00:00,16.7,89.0,12.5,0.0
2023-01-11 06:00:00,16.7,88.0,11.4,0.0
2023-01-11 07:00:00,16.3,89.0,10.9,0.0
2023-01-11 08:00:00,16.2,89.0,10.5,0.0
2023-01-11 09:00:00,16.0,90.0,10.1,0.0
2023-01-11 10:00:00,15.4,,9.4,0.0
2023-01-11 11:00:00,17.4,,7.6,0.0
2023-01-11 12:00:00,19.2,77.0,9.5,0.0
2023-01-11 13:00:00,20.3,73.0,12.3,0.0
2023-01-11 14:00:00,21.2,70.0,14.0,0.0
2023-01-11 15:00:00,22.1,67.0,16.0,0.0
2023-01-11 16:00:00,22.7,64.0,19.4,0.0
2023-01-11 17:00:00,23.1,62.0,21.4,0.0
2023-01-11 18:00:00,23.0,60.0,21.4,0.0
2023-01-11 19:00:00,22.1,62.0,21.4,0.0
2023-01-11 20:00:00,21.5,64.0,22.3,0.0
2023-01-11 21:00:00,20.9,63.0,20.2,0.0
2023-01-11 22:00:00,,64.0,17.6,0.0
2023-01-11 23:00:00,19.3,65.0,15.8,0.0
2023-01-12 00:00:00,18.7,67.0,13.7,0.0
2023-01-12 01:00:00,18.3,69.0,13.3,0.0
2023-01-12 02:00:00,17.7,73.0,12.3,0.0
2023-01-12 03:00:00,17.1,75.0,11.3,0.0
2023-01-12 04:00:00,16.6,77.0,12.1,0.0
2023-01-12 05:00:00,16.2,79.0,12.0,0.0
2023-01-12 06:00:00,15.7,82.0,10.7,0.0
2023-01-12 07:00:00,15.6,82.0,8.7,0.0
2023-01-12 08:00:00,14.9,86.0,7.7,0.0
2023-01-12 09:00:00,14.9,87.0,8.2,0.0
2023-01-12 10:00:00,15.4,82.0,6.2,0.0
2023-01-12 11:00:00,15.9,79.0,4.8,0.0
2023-01-12 12:00:00,17.3,71.0,,0.0
2023-01-12 13:00:00,18.5,66.0,10.7,0.0
2023-01-12 14:00:00,19.5,63.0,13.0,0.0
2023-01-12 15:00:00,20.1,62.0,15.5,0.0
2023-01-12 16:00:00,20.5,60.0,18.2,0.0
2023-01-12 17:00:00,20.9,57.0,18.9,0.0
2023-01-12 18:00:00,21.2,58.0,19.9,0.0
2023-01-12 19:00:00,20.9,59.0,,0.0
2023-01-12 20:00:00,,60.0,20.1,0.0
2023-01-12 21:00:00,19.8,61.0,19.7,0.0
2023-01-12 22:00:00,19.2,64.0,18.0,0.0
2023-01-12 23:00:00,18.3,66.0,14.9,0.0
2023-01-13 00:00:00,17.7,69.0,11.2,0.0
2023-01-13 01:00:00,16.7,76.0,10.7,0.0
2023-01-13 02:00:00,15.6,,9.8,0.0
2023-01-13 03:00:00,15.3,82.0,8.0,0.0
2023-01-13 04:00:00,14.7,84.0,6.0,0.0
2023-01-13 05:00:00,13.9,87.0,,0.0
2023-01-13 06:00:00,13.6,88.0,4.0,0.0
2023-01-13 07:00:00,13.5,88.0,3.9,0.0
2023-01-13 08:00:00,13.6,88.0,3.7,0.0
2023-01-13 09:00:00,13.3,89.0,4.0,0.0
2023-01-13 10:00:00,12.7,91.0,3.8,0.0
2023-01-13 11:00:00,,79.0,2.2,0.0
2023-01-13 12:00:00,,72.0,4.8,0.0
2023-01-13 13:00:00,18.3,67.0,8.2,0.0
2023-01-13 14:00:00,19.3,65.0,10.8,0.0
2023-01-13 15:00:00,20.4,64.0,,0.0
2023-01-13 16:00:00,21.2,62.0,15.3,0.0
2023-01-13 17:00:00,21.6,61.0,16.6,0.0
2023-01-13 18:00:00,21.6,63.0,18.7,0.0
2023-01-13 19:00:00,21.2,65.0,20.1,0.0
2023-01-13 20:00:00,20.7,66.0,19.9,0.0
2023-01-13 21:00:00,20.3,66.0,18.8,0.0
2023-01-13 22:00:00,19.7,66.0,17.2,0.0
2023-01-13 23:00:00,18.9,70.0,15.0,0.0
2023-01-14 00:00:00,18.0,,12.6,0.0
2023-01-14 01:00:00,17.1,78.0,10.8,0.0
2023-01-14 02:00:00,16.2,83.0,11.3,0.0
2023-01-14 03:00:00,15.4,86.0,12.1,0.0
2023-01-14 04:00:00,15.0,87.0,11.3,0.0
2023-01-14 05:00:00,14.9,87.0,9.5,0.0
2023-01-14 06:00:00,14.6,88.0,6.4,0.0
2023-01-14 07:00:00,14.5,88.0,4.9,0.0
2023-01-14 08:00:00,14.6,87.0,6.1,0.0
2023-01-14 09:00:00,14.5,89.0,6.8,0.0
2023-01-14 10:00:00,14.4,89.0,7.0,0.0
2023-01-14 11:00:00,14.7,88.0,6.4,0.0
2023-01-14 12:00:00,15.8,82.0,8.7,0.0
2023-01-14 13:00:00,16.6,77.0,10.5,0.0
2023-01-14 14:00:00,17.3,74.0,12.7,0.0
2023-01-14 15:00:00,18.1,71.0,14.8,0.0
2023-01-14 16:00:00,18.8,67.0,16.1,0.0
2023-01-14 17:00:00,19.7,63.0,16.9,
2023-01-14 18:00:00,20.1,60.0,17.1,0.0
2023-01-14 19:00:00,20.2,59.0,,0.0
2023-01-14 20:00:00,20.0,60.0,17.9,0.0
2023-01-14 21:00:00,19.5,64.0,18.3,0.0
2023-01-14 22:00:00,18.4,70.0,17.6,0.0
2023-01-14 23:00:00,17.5,75.0,16.1,
2023-01-15 00:00:00,16.6,80.0,13.5,0.0
2023-01-15 01:00:00,16.1,81.0,11.1,0.0
2023-01-15 02:00:00,15.6,85.0,10.2,0.0
2023-01-15 03:00:00,15.4,85.0,8.7,0.0
2023-01-15 04:00:00,15.0,86.0,8.0,0.0
2023-01-15 05:00:00,14.7,88.0,7.2,0.0
2023-01-15 06:00:00,14.1,90.0,6.3,0.0
2023-01-15 07:00:00,13.7,92.0,4.3,0.0
2023-01-15 08:00:00,13.2,93.0,2.3,0.0
2023-01-15 09:00:00,12.7,94.0,1.5,0.0
2023-01-15 10:00:00,12.7,93.0,1.0,0.0
2023-01-15 11:00:00,14.6,86.0,0.5,0.0
2023-01-15 12:00:00,16.1,79.0,2.5,0.0
2023-01-15 13:00:00,17.4,72.0,6.2,0.0
2023-01-15 14:00:00,18.7,68.0,8.2,0.0
2023-01-15 15:00:00,19.8,65.0,10.0,0.0
2023-01-15 16:00:00,20.8,63.0,12.3,0.0
2023-01-15 17:00:00,21.5,62.0,14.7,0.0
2023-01-15 18:00:00,21.8,62.0,16.6,0.0
2023-01-15 19:00:00,21.7,63.0,18.0,0.0
2023-01-15 20:00:00,21.2,,17.8,0.0
2023-01-15 21:00:00,20.6,67.0,,0.0
2023-01-15 22:00:00,19.8,69.0,15.4,0.0
2023-01-15 23:00:00,19.2,72.0,14.2,0.0
2023-01-16 00:00:00,18.3,75.0,11.5,0.0
2023-01-16 01:00:00,,79.0,10.0,0.0
2023-01-16 02:00:00,17.1,80.0,9.7,0.0
2023-01-16 03:00:00,16.4,83.0,8.4,0.0
2023-01-16 04:00:00,16.0,83.0,7.1,0.0
2023-01-16 05:00:00,15.7,85.0,7.3,0.0
2023-01-16 06:00:00,15.4,86.0,6.6,0.0
2023-01-16 07:00:00,15.0,88.0,6.1,0.0
2023-01-16 08:00:00,14.4,,5.3,0.0
2023-01-16 09:00:00,14.0,92.0,3.9,0.0
2023-01-16 10:00:00,13.9,92.0,2.2,0.0
2023-01-16 11:00:00,15.2,88.0,4.7,0.0
2023-01-16 12:00:00,16.0,,7.9,0.0
2023-01-16 13:00:00,16.9,78.0,8.2,0.0
2023-01-16 14:00:00,,72.0,8.0,0.0
2023-01-16 15:00:00,18.8,69.0,9.0,0.0
2023-01-16 16:00:00,19.6,67.0,10.8,0.0
2023-01-16 17:00:00,20.2,66.0,13.0,0.0
2023-01-16 18:00:00,20.5,65.0,13.9,0.0
2023-01-16 19:00:00,20.4,65.0,14.1,0.0
2023-01-16 20:00:00,20.1,66.0,14.4,0.0
2023-01-16 21:00:00,19.6,67.0,,0.0
2023-01-16 22:00:00,18.5,71.0,13.6,0.0
2023-01-16 23:00:00,17.4,76.0,12.5,0.0
2023-01-17 00:00:00,16.5,80.0,11.7,0.0
2023-01-17 01:00:00,16.0,82.0,10.3,
2023-01-17 02:00:00,15.6,83.0,8.4,0.0
2023-01-17 03:00:00,15.1,86.0,7.8,0.0
2023-01-17 04:00:00,14.9,85.0,8.2,0.0
2023-01-17 05:00:00,14.6,86.0,8.6,0.0
2023-01-17 06:00:00,14.3,88.0,8.2,0.0
2023-01-17 07:00:00,14.2,89.0,7.9,0.0
2023-01-17 08:00:00,13.9,90.0,7.6,0.0
2023-01-17 09:00:00,13.8,91.0,,0.0
2023-01-17 10:00:00,13.6,90.0,0.4,0.0
2023-01-17 11:00:00,14.5,87.0,3.9,0.0
2023-01-17 12:00:00,,81.0,6.5,0.0
2023-01-17 13:00:00,16.5,75.0,7.6,0.0
2023-01-17 14:00:00,17.1,72.0,8.0,0.0
2023-01-17 15:00:00,18.0,71.0,9.6,0.0
2023-01-17 16:00:00,19.0,69.0,11.6,0.0
2023-01-17 17:00:00,19.5,68.0,14.0,0.0
2023-01-17 18:00:00,19.8,,,0.0
2023-01-17 19:00:00,20.1,66.0,15.2,0.0
2023-01-17 20:00:00,20.0,66.0,16.3,0.0
2023-01-17 21:00:00,19.7,67.0,15.4,0.0
2023-01-17 22:00:00,33.9,70.0,14.6,0.0
2023-01-17 23:00:00,18.1,73.0,13.8,0.0
2023-01-18 00:00:00,17.3,77.0,12.9,0.0
2023-01-18 01:00:00,16.6,80.0,13.1,0.0
2023-01-18 02:00:00,15.7,84.0,11.4,0.0
2023-01-18 03:00:00,15.0,88.0,12.1,0.0
2023-01-18 04:00:00,14.6,89.0,11.7,0.0
2023-01-18 05:00:00,14.2,90.0,11.6,0.0
2023-01-18 06:00:00,13.8,91.0,10.8,0.0
2023-01-18 07:00:00,13.6,91.0,10.4,0.0
2023-01-18 08:00:00,13.5,90.0,8.6,0.0
2023-01-18 09:00:00,13.4,90.0,7.6,0.0
2023-01-18 10:00:00,12.9,91.0,5.2,0.0
2023-01-18 11:00:00,15.1,84.0,3.1,0.0
2023-01-18 12:00:00,16.7,79.0,7.0,0.0
2023-01-18 13:00:00,17.5,76.0,9.5,0.0
2023-01-18 14:00:00,18.1,74.0,10.1,0.0
2023-01-18 15:00:00,,74.0,11.2,0.0
2023-01-18 16:00:00,19.7,72.0,11.9,0.0
2023-01-18 17:00:00,20.4,69.0,12.4,0.0
2023-01-18 18:00:00,20.8,68.0,13.1,0.0
2023-01-18 19:00:00,21.1,68.0,12.6,0.0
2023-01-18 20:00:00,21.2,68.0,12.1,
2023-01-18 21:00:00,21.2,68.0,11.9,0.0
2023-01-18 22:00:00,20.0,71.0,11.6,0.0
2023-01-18 23:00:00,18.8,76.0,10.6,0.0
2023-01-19 00:00:00,,,9.7,0.0
2023-01-19 01:00:00,,,9.4,0.0
2023-01-19 02:00:00,,,9.2,0.0
2023-01-19 03:00:00,,,8.7,0.0
2023-01-19 04:00:00,,,,0.0
2023-01-19 05:00:00,,,5.4,0.0
2023-01-19 06:00:00,,,5.4,0.0
2023-01-19 07:00:00,,,4.8,0.0
2023-01-19 08:00:00,,,,0.0
2023-01-19 09:00:00,,,4.7,0.0
2023-01-19 10:00:00,,,4.1,0.0
2023-01-19 11:00:00,15.2,92.0,,0.0
2023-01-19 12:00:00,15.6,90.0,9.2,
2023-01-19 13:00:00,16.0,87.0,10.3,0.0
2023-01-19 14:00:00,16.4,85.0,10.8,0.0
2023-01-19 15:00:00,16.7,84.0,10.7,0.0
2023-01-19 16:00:00,17.3,81.0,11.8,0.0
2023-01-19 17:00:00,17.7,80.0,12.4,0.0
2023-01-19 18:00:00,18.0,79.0,13.4,0.0
2023-01-19 19:00:00,18.3,79.0,13.3,0.0
2023-01-19 20:00:00,18.5,78.0,12.6,0.0
2023-01-19 21:00:00,18.2,80.0,11.9,0.0
2023-01-19 22:00:00,17.9,80.0,10.4,0.0
2023-01-19 23:00:00,17.1,84.0,10.2,0.0
2023-01-20 00:00:00,16.2,88.0,10.4,0.0
2023-01-20 01:00:00,16.0,89.0,9.2,0.0
2023-01-20 02:00:00,16.0,90.0,8.9,0.0
2023-01-20 03:00:00,16.1,89.0,10.0,
2023-01-20 04:00:00,16.2,87.0,9.0,0.0
2023-01-20 05:00:00,16.2,88.0,8.3,0.0
2023-01-20 06:00:00,15.8,89.0,8.3,0.0
2023-01-20 07:00:00,,89.0,9.2,0.0
2023-01-20 08:00:00,15.8,89.0,9.8,0.0
2023-01-20 09:00:00,15.7,89.0,10.1,0.0
2023-01-20 10:00:00,15.7,87.0,9.4,0.0
2023-01-20 11:00:00,16.7,83.0,7.6,0.0
2023-01-20 12:00:00,17.2,80.0,9.5,0.0
2023-01-20 13:00:00,17.9,76.0,11.1,0.0
2023-01-20 14:00:00,18.6,73.0,12.7,0.0
2023-01-20 15:00:00,19.0,72.0,14.3,0.0
2023-01-20 16:00:00,19.4,70.0,15.9,0.0
2023-01-20 17:00:00,20.1,67.0,16.9,0.0
2023-01-20 18:00:00,20.6,65.0,17.7,0.0
2023-01-20 19:00:00,20.8,64.0,19.7,0.0
2023-01-20 20:00:00,20.5,65.0,20.6,0.0
2023-01-20 21:00:00,20.2,66.0,,0.0
2023-01-20 22:00:00,19.6,70.0,18.6,0.0
2023-01-20 23:00:00,,,17.0,0.0
2023-01-21 00:00:00,17.7,78.0,15.0,0.0
2023-01-21 01:00:00,17.1,81.0,13.9,0.0
2023-01-21 02:00:00,16.5,84.0,12.9,0.0
2023-01-21 03:00:00,15.8,87.0,12.3,0.0
2023-01-21 04:00:00,15.4,88.0,12.5,
2023-01-21 05:00:00,15.0,88.0,11.6,
2023-01-21 06:00:00,14.9,88.0,10.4,0.0
2023-01-21 07:00:00,14.7,88.0,9.4,
2023-01-21 08:00:00,14.2,90.0,7.6,0.0
2023-01-21 09:00:00,14.1,91.0,5.8,0.0
2023-01-21 10:00:00,13.8,92.0,4.0,0.0
2023-01-21 11:00:00,15.5,85.0,1.9,0.0
2023-01-21 12:00:00,17.4,,6.2,0.0
2023-01-21 13:00:00,18.4,75.0,9.4,0.0
2023-01-21 14:00:00,18.9,75.0,11.9,0.0
2023-01-21 15:00:00,19.7,75.0,12.8,0.0
2023-01-21 16:00:00,20.3,74.0,13.1,0.0
2023-01-21 17:00:00,20.6,73.0,14.1,0.0
2023-01-21 18:00:00,21.3,71.0,14.9,0.0
2023-01-21 19:00:00,21.1,70.0,15.0,0.0
2023-01-21 20:00:00,21.2,70.0,15.6,0.0
2023-01-21 21:00:00,21.0,71.0,15.3,0.0
2023-01-21 22:00:00,19.9,74.0,14.6,0.0
2023-01-21 23:00:00,18.7,78.0,14.0,0.0
2023-01-22 00:00:00,17.9,82.0,12.3,0.0
2023-01-22 01:00:00,17.5,84.0,10.8,0.0
2023-01-22 02:00:00,17.0,86.0,9.2,0.0
2023-01-22 03:00:00,16.3,87.0,7.8,0.0
2023-01-22 04:00:00,16.2,87.0,7.6,0.0
2023-01-22 05:00:00,15.9,86.0,8.2,0.0
2023-01-22 06:00:00,15.7,88.0,8.2,0.0
2023-01-22 07:00:00,15.2,89.0,7.2,0.0
2023-01-22 08:00:00,14.8,91.0,6.5,0.0
2023-01-22 09:00:00,14.4,92.0,4.7,0.0
2023-01-22 10:00:00,14.6,92.0,2.3,
2023-01-22 11:00:00,15.8,86.0,1.1,0.0
2023-01-22 12:00:00,18.1,78.0,5.4,0.0
2023-01-22 13:00:00,18.2,,7.6,0.0
2023-01-22 14:00:00,18.3,79.0,9.0,0.0
2023-01-22 15:00:00,18.6,79.0,10.1,0.0
2023-01-22 16:00:00,20.6,,11.2,0.0
2023-01-22 17:00:00,21.0,74.0,13.0,0.0
2023-01-22 18:00:00,21.5,73.0,13.7,0.0
2023-01-22 19:00:00,21.5,73.0,,0.0
2023-01-22 20:00:00,20.8,75.0,13.6,0.0
2023-01-22 21:00:00,,77.0,12.7,
2023-01-22 22:00:00,19.7,77.0,11.4,0.0
2023-01-22 23:00:00,,78.0,9.5,0.0
2023-01-23 00:00:00,18.9,80.0,7.4,0.0
2023-01-23 01:00:00,18.4,87.0,4.8,0.0
2023-01-23 02:00:00,18.4,83.0,3.3,0.0
2023-01-23 03:00:00,17.8,86.0,3.7,0.0
2023-01-23 04:00:00,17.4,88.0,4.0,0.0
2023-01-23 05:00:00,17.0,91.0,4.1,0.0
2023-01-23 06:00:00,16.4,93.0,3.4,
2023-01-23 07:00:00,15.9,94.0,1.4,0.0
2023-01-23 08:00:00,15.9,95.0,1.0,0.0
2023-01-23 09:00:00,15.9,94.0,1.6,0.0
2023-01-23 10:00:00,15.0,94.0,2.9,0.0
2023-01-23 11:00:00,16.3,90.0,5.6,0.0
2023-01-23 12:00:00,17.4,85.0,7.7,
2023-01-23 13:00:00,18.6,81.0,8.8,0.0
2023-01-23 14:00:00,19.6,77.0,10.6,0.0
2023-01-23 15:00:00,19.8,76.0,11.5,0.0
2023-01-23 16:00:00,,76.0,12.2,0.0
2023-01-23 17:00:00,21.0,73.0,,0.0
2023-01-23 18:00:00,21.3,72.0,12.8,0.0
2023-01-23 19:00:00,,73.0,12.8,0.0
2023-01-23 20:00:00,21.3,72.0,12.7,0.0
2023-01-23 21:00:00,20.9,74.0,12.4,0.0
2023-01-23 22:00:00,20.5,75.0,11.2,0.0
2023-01-23 23:00:00,19.5,80.0,11.5,0.0
2023-01-24 00:00:00,18.6,84.0,12.0,0.0
2023-01-24 01:00:00,18.1,85.0,11.4,0.0
2023-01-24 02:00:00,17.6,87.0,11.0,0.0
2023-01-24 03:00:00,17.0,90.0,9.5,0.0
2023-01-24 04:00:00,16.6,92.0,10.1,0.0
2023-01-24 05:00:00,16.2,94.0,10.0,
2023-01-24 06:00:00,16.0,95.0,8.3,0.0
2023-01-24 07:00:00,16.0,95.0,6.5,0.0
2023-01-24 08:00:00,15.6,95.0,6.5,0.0
2023-01-24 09:00:00,15.4,96.0,9.0,0.0
2023-01-24 10:00:00,15.4,95.0,10.8,0.0
2023-01-24 11:00:00,16.5,89.0,12.6,
2023-01-24 12:00:00,18.2,76.0,10.1,0.0
2023-01-24 13:00:00,19.5,68.0,9.8,0.0
2023-01-24 14:00:00,20.6,64.0,,0.0
2023-01-24 15:00:00,21.4,63.0,19.9,0.0
2023-01-24 16:00:00,22.0,63.0,22.6,0.0
2023-01-24 17:00:00,22.6,63.0,23.3,0.0
2023-01-24 18:00:00,23.0,64.0,23.8,0.0
2023-01-24 19:00:00,23.3,66.0,24.5,0.0
2023-01-24 20:00:00,23.2,67.0,25.8,0.0
2023-01-24 21:00:00,22.7,70.0,26.1,0.0
2023-01-24 22:00:00,21.6,72.0,26.0,0.0
2023-01-24 23:00:00,20.6,74.0,23.3,0.0
2023-01-25 00:00:00,19.7,76.0,20.3,0.0
2023-01-25 01:00:00,19.2,77.0,19.4,0.0
2023-01-25 02:00:00,,78.0,18.0,0.0
2023-01-25 03:00:00,17.7,81.0,15.6,0.0
2023-01-25 04:00:00,17.2,83.0,14.9,0.0
2023-01-25 05:00:00,17.2,81.0,14.2,0.0
2023-01-25 06:00:00,16.7,84.0,13.6,0.0
2023-01-25 07:00:00,16.4,85.0,13.4,0.0
2023-01-25 08:00:00,16.1,,12.8,0.0
2023-01-25 09:00:00,15.3,90.0,10.8,0.0
2023-01-25 10:00:00,14.9,90.0,4.0,0.0
2023-01-25 11:00:00,16.6,85.0,3.4,0.0
2023-01-25 12:00:00,18.1,79.0,6.4,0.0
2023-01-25 13:00:00,18.9,76.0,9.4,0.0
2023-01-25 14:00:00,19.7,74.0,11.5,0.0
2023-01-25 15:00:00,20.4,72.0,,0.0
2023-01-25 16:00:00,20.8,70.0,14.7,0.0
2023-01-25 17:00:00,21.2,68.0,15.8,0.0
2023-01-25 18:00:00,21.5,,16.6,0.0
2023-01-25 19:00:00,21.6,65.0,16.8,0.0
2023-01-25 20:00:00,21.2,64.0,17.8,0.0
2023-01-25 21:00:00,20.8,65.0,19.1,0.0
2023-01-25 22:00:00,20.0,68.0,18.2,0.0
2023-01-25 23:00:00,19.1,69.0,17.6,0.0
2023-01-26 00:00:00,18.1,71.0,,0.0
2023-01-26 01:00:00,17.5,73.0,15.4,0.0
2023-01-26 02:00:00,16.9,75.0,12.9,0.0
2023-01-26 03:00:00,16.1,77.0,12.7,0.0
2023-01-26 04:00:00,15.5,80.0,12.6,0.0
2023-01-26 05:00:00,15.0,82.0,13.8,0.0
2023-01-26 06:00:00,,83.0,14.8,0.0
2023-01-26 07:00:00,14.3,,15.5,0.0
2023-01-26 08:00:00,13.8,87.0,15.4,0.0
2023-01-26 09:00:00,14.0,87.0,14.5,0.0
2023-01-26 10:00:00,14.2,84.0,10.1,
2023-01-26 11:00:00,15.0,81.0,9.1,0.0
2023-01-26 12:00:00,16.3,74.0,8.0,0.0
2023-01-26 13:00:00,17.4,70.0,9.2,
2023-01-26 14:00:00,18.3,68.0,12.2,0.0
2023-01-26 15:00:00,19.3,,14.0,0.0
2023-01-26 16:00:00,19.7,66.0,15.7,0.0
2023-01-26 17:00:00,20.1,65.0,16.4,0.0
2023-01-26 18:00:00,20.6,64.0,17.3,0.0
2023-01-26 19:00:00,20.5,64.0,17.6,0.0
2023-01-26 20:00:00,,64.0,17.6,0.0
2023-01-26 21:00:00,20.3,64.0,17.6,0.0
2023-01-26 22:00:00,19.7,65.0,18.1,0.0
2023-01-26 23:00:00,,68.0,17.7,0.0
2023-01-27 00:00:00,17.8,,15.5,0.0
2023-01-27 01:00:00,17.2,76.0,14.3,0.0
2023-01-27 02:00:00,16.6,79.0,13.4,0.0
2023-01-27 03:00:00,15.6,,14.0,0.0
2023-01-27 04:00:00,15.4,80.0,12.8,
2023-01-27 05:00:00,15.0,82.0,10.9,0.0
2023-01-27 06:00:00,14.2,86.0,8.3,0.0
2023-01-27 07:00:00,13.7,87.0,7.2,0.0
2023-01-27 08:00:00,13.1,90.0,6.2,0.0
2023-01-27 09:00:00,12.9,90.0,5.5,0.0
2023-01-27 10:00:00,13.1,90.0,,0.0
2023-01-27 11:00:00,14.6,83.0,5.0,0.0
2023-01-27 12:00:00,17.0,72.0,3.9,0.0
2023-01-27 13:00:00,18.5,66.0,9.0,0.0
2023-01-27 14:00:00,19.7,67.0,10.8,0.0
2023-01-27 15:00:00,20.4,66.0,,0.0
2023-01-27 16:00:00,,64.0,12.3,
2023-01-27 17:00:00,21.5,63.0,15.3,0.0
2023-01-27 18:00:00,21.6,63.0,19.1,0.0
2023-01-27 19:00:00,22.0,61.0,21.4,0.0
2023-01-27 20:00:00,21.8,60.0,22.9,0.0
2023-01-27 21:00:00,21.5,59.0,22.7,0.0
2023-01-27 22:00:00,20.5,63.0,21.9,0.0
2023-01-27 23:00:00,19.5,65.0,21.1,0.0
2023-01-28 00:00:00,18.9,66.0,17.5,0.0
2023-01-28 01:00:00,18.0,70.0,14.8,0.0
2023-01-28 02:00:00,17.1,,13.5,0.0
2023-01-28 03:00:00,16.0,78.0,12.3,0.0
2023-01-28 04:00:00,15.4,79.0,10.9,0.0
2023-01-28 05:00:00,15.0,,10.7,0.0
2023-01-28 06:00:00,14.6,81.0,10.5,0.0
2023-01-28 07:00:00,14.4,81.0,9.7,0.0
2023-01-28 08:00:00,14.2,82.0,8.6,0.0
2023-01-28 09:00:00,13.8,,7.6,0.0
2023-01-28 10:00:00,13.2,85.0,5.4,0.0
2023-01-28 11:00:00,14.9,79.0,5.2,0.0
2023-01-28 12:00:00,17.8,70.0,4.8,0.0
2023-01-28 13:00:00,19.3,65.0,8.4,0.0
2023-01-28 14:00:00,20.1,64.0,10.8,0.0
2023-01-28 15:00:00,21.0,63.0,12.1,0.0
2023-01-28 16:00:00,21.7,64.0,12.9,0.0
2023-01-28 17:00:00,22.1,,13.5,0.0
2023-01-28 18:00:00,,62.0,15.2,0.0
2023-01-28 19:00:00,22.6,62.0,15.5,
2023-01-28 20:00:00,22.3,,15.4,0.0
2023-01-28 21:00:00,,62.0,15.3,0.0
2023-01-28 22:00:00,21.0,63.0,14.8,0.0
2023-01-28 23:00:00,19.9,65.0,12.0,0.0
2023-01-29 00:00:00,,70.0,8.5,0.0
2023-01-29 01:00:00,18.2,73.0,7.9,0.0
2023-01-29 02:00:00,17.5,75.0,4.2,0.0
2023-01-29 03:00:00,16.2,82.0,2.1,0.0
2023-01-29 04:00:00,15.5,85.0,,0.0
2023-01-29 05:00:00,14.8,88.0,1.6,0.0
2023-01-29 06:00:00,14.3,90.0,1.1,0.0
2023-01-29 07:00:00,14.1,92.0,1.5,0.0
2023-01-29 08:00:00,13.8,94.0,1.8,0.0
2023-01-29 09:00:00,13.7,95.0,2.3,
2023-01-29 10:00:00,13.5,93.0,3.9,0.0
2023-01-29 11:00:00,15.2,85.0,,0.0
2023-01-29 12:00:00,17.0,78.0,7.0,0.0
2023-01-29 13:00:00,18.4,73.0,9.4,0.0
2023-01-29 14:00:00,19.3,70.0,11.2,0.0
2023-01-29 15:00:00,20.3,68.0,11.0,0.0
2023-01-29 16:00:00,20.6,68.0,11.3,0.0
2023-01-29 17:00:00,20.9,67.0,11.9,0.0
2023-01-29 18:00:00,21.1,68.0,,0.0
2023-01-29 19:00:00,21.0,68.0,13.2,0.0
2023-01-29 20:00:00,20.5,69.0,13.1,0.0
2023-01-29 21:00:00,20.1,71.0,13.1,0.0
2023-01-29 22:00:00,,72.0,12.4,0.0
2023-01-29 23:00:00,18.6,77.0,11.8,0.0
2023-01-30 00:00:00,17.7,82.0,,0.0
2023-01-30 01:00:00,17.1,84.0,9.9,0.0
2023-01-30 02:00:00,16.3,88.0,10.0,
2023-01-30 03:00:00,15.8,90.0,9.5,0.0
2023-01-30 04:00:00,,,8.5,0.0
2023-01-30 05:00:00,15.0,,8.8,0.0
2023-01-30 06:00:00,15.3,92.0,7.9,0.0
2023-01-30 07:00:00,15.1,93.0,6.3,0.0
2023-01-30 08:00:00,14.6,97.0,4.0,0.0
2023-01-30 09:00:00,14.7,96.0,1.8,0.0
2023-01-30 10:00:00,14.5,96.0,3.9,0.0
2023-01-30 11:00:00,15.1,93.0,3.7,
2023-01-30 12:00:00,15.9,,6.5,0.0
2023-01-30 13:00:00,16.7,84.0,9.7,0.0
2023-01-30 14:00:00,17.3,82.0,10.2,0.0
2023-01-30 15:00:00,18.2,80.0,9.7,0.0
2023-01-30 16:00:00,19.2,76.0,9.5,0.0
2023-01-30 17:00:00,20.1,,9.7,0.0
2023-01-30 18:00:00,20.9,71.0,11.2,0.0
2023-01-30 19:00:00,20.9,71.0,12.1,0.0
2023-01-30 20:00:00,20.8,72.0,12.1,0.0
2023-01-30 21:00:00,20.6,74.0,12.3,0.0
2023-01-30 22:00:00,19.7,77.0,12.1,0.0
2023-01-30 23:00:00,18.7,81.0,11.7,0.0
2023-01-31 00:00:00,17.9,84.0,10.5,0.0
2023-01-31 01:00:00,,85.0,8.6,0.0
2023-01-31 02:00:00,17.2,89.0,6.5,0.0
2023-01-31 03:00:00,16.3,94.0,4.6,0.0
2023-01-31 04:00:00,16.1,94.0,3.6,0.0
2023-01-31 05:00:00,15.6,97.0,3.1,0.0
2023-01-31 06:00:00,15.3,99.0,2.7,0.0
2023-01-31 07:00:00,15.0,99.0,1.5,0.0
2023-01-31 08:00:00,15.1,99.0,0.8,0.0
2023-01-31 09:00:00,15.1,99.0,1.5,0.0
2023-01-31 10:00:00,15.2,98.0,4.7,0.0
2023-01-31 11:00:00,15.7,96.0,7.6,0.0
2023-01-31 12:00:00,16.4,94.0,8.8,0.0
2023-01-31 13:00:00,17.3,89.0,8.9,0.0
2023-01-31 14:00:00,,86.0,9.7,0.0
2023-01-31 15:00:00,19.1,83.0,10.5,0.0
2023-01-31 16:00:00,20.2,77.0,11.6,0.0
2023-01-31 17:00:00,20.6,75.0,12.7,0.0
2023-01-31 18:00:00,21.0,73.0,13.8,0.0
2023-01-31 19:00:00,21.0,73.0,14.3,0.0
2023-01-31 20:00:00,20.6,74.0,,0.0
2023-01-31 21:00:00,20.6,73.0,15.1,0.0
2023-01-31 22:00:00,19.3,77.0,15.0,0.0
2023-01-31 23:00:00,18.5,79.0,14.8,0.0
2023-02-01 00:00:00,17.6,82.0,12.8,0.0
2023-02-01 01:00:00,17.0,,11.4,0.0
2023-02-01 02:00:00,,87.0,10.1,0.0
2023-02-01 03:00:00,15.6,90.0,10.1,0.0
2023-02-01 04:00:00,15.6,89.0,10.2,0.0
2023-02-01 05:00:00,15.4,90.0,10.2,
2023-02-01 06:00:00,15.1,91.0,10.5,0.0
2023-02-01 07:00:00,14.8,92.0,8.4,0.0
2023-02-01 08:00:00,14.6,93.0,5.4,0.0
2023-02-01 09:00:00,14.1,94.0,3.0,0.0
2023-02-01 10:00:00,,93.0,5.3,0.0
2023-02-01 11:00:00,14.9,90.0,6.6,0.0
2023-02-01 12:00:00,16.0,85.0,,0.0
2023-02-01 13:00:00,17.3,79.0,11.5,0.0
2023-02-01 14:00:00,,74.0,12.2,0.0
2023-02-01 15:00:00,19.7,71.0,14.5,
2023-02-01 16:00:00,20.4,69.0,16.9,0.0
2023-02-01 17:00:00,20.9,,16.9,0.0
2023-02-01 18:00:00,21.4,65.0,17.4,0.0
2023-02-01 19:00:00,21.6,64.0,18.3,0.0
2023-02-01 20:00:00,21.5,63.0,17.3,0.0
2023-02-01 21:00:00,20.8,65.0,15.9,0.0
2023-02-01 22:00:00,20.6,68.0,15.8,0.0
2023-02-01 23:00:00,19.4,74.0,14.5,0.0
2023-02-02 00:00:00,,77.0,,0.0
2023-02-02 01:00:00,18.1,80.0,11.2,0.0
2023-02-02 02:00:00,17.5,83.0,11.9,0.0
2023-02-02 03:00:00,16.8,84.0,12.1,0.0
2023-02-02 04:00:00,16.5,84.0,12.7,0.0
2023-02-02 05:00:00,16.2,84.0,12.6,0.0
2023-02-02 06:00:00,15.7,85.0,11.5,0.0
2023-02-02 07:00:00,15.6,86.0,10.1,0.0
2023-02-02 08:00:00,15.7,85.0,9.2,0.0
2023-02-02 09:00:00,15.4,86.0,9.1,0.0
2023-02-02 10:00:00,15.0,89.0,7.6,0.0
2023-02-02 11:00:00,16.4,84.0,8.7,0.0
2023-02-02 12:00:00,19.6,73.0,9.7,0.0
2023-02-02 13:00:00,21.5,65.0,10.5,0.0
2023-02-02 14:00:00,22.5,64.0,11.7,0.0
2023-02-02 15:00:00,22.9,63.0,13.3,0.0
2023-02-02 16:00:00,23.1,64.0,14.7,0.0
2023-02-02 17:00:00,23.0,65.0,15.5,0.0
2023-02-02 18:00:00,22.9,65.0,15.3,0.0
2023-02-02 19:00:00,22.9,66.0,14.5,0.0
2023-02-02 20:00:00,,66.0,13.5,0.0
2023-02-02 21:00:00,22.0,66.0,12.8,0.0
2023-02-02 22:00:00,21.6,67.0,10.6,
2023-02-02 23:00:00,20.2,69.0,9.3,0.0
2023-02-03 00:00:00,19.1,75.0,6.6,0.0
2023-02-03 01:00:00,18.0,80.0,2.8,0.0
2023-02-03 02:00:00,17.2,83.0,1.8,0.0
2023-02-03 03:00:00,16.3,86.0,3.1,0.0
2023-02-03 04:00:00,15.9,89.0,3.9,0.0
2023-02-03 05:00:00,15.4,91.0,5.1,0.0
2023-02-03 06:00:00,15.2,92.0,5.4,0.0
2023-02-03 07:00:00,14.7,93.0,5.9,0.0
2023-02-03 08:00:00,14.4,94.0,7.4,
2023-02-03 09:00:00,14.7,,8.7,0.0
2023-02-03 10:00:00,14.9,91.0,10.2,0.0
2023-02-03 11:00:00,16.2,88.0,10.8,0.0
2023-02-03 12:00:00,17.6,84.0,12.0,0.0
2023-02-03 13:00:00,19.2,77.0,14.0,0.0
2023-02-03 14:00:00,20.2,73.0,15.6,
2023-02-03 15:00:00,21.1,70.0,17.4,0.0
2023-02-03 16:00:00,21.3,70.0,18.7,0.0
2023-02-03 17:00:00,21.8,69.0,18.7,0.0
2023-02-03 18:00:00,,68.0,18.0,0.0
2023-02-03 19:00:00,21.8,69.0,18.9,0.0
2023-02-03 20:00:00,21.7,69.0,16.6,0.0
2023-02-03 21:00:00,21.2,71.0,13.5,0.0
2023-02-03 22:00:00,20.4,,16.5,0.0
2023-02-03 23:00:00,19.5,79.0,11.8,0.0
2023-02-04 00:00:00,18.5,83.0,8.6,0.0
2023-02-04 01:00:00,17.7,90.0,7.8,0.0
2023-02-04 02:00:00,17.8,87.0,4.0,0.0
2023-02-04 03:00:00,17.2,89.0,5.4,0.0
2023-02-04 04:00:00,16.3,94.0,5.8,0.0
2023-02-04 05:00:00,16.0,96.0,5.1,0.0
2023-02-04 06:00:00,16.1,94.0,5.4,0.0
2023-02-04 07:00:00,16.0,94.0,5.8,0.0
2023-02-04 08:00:00,15.5,97.0,6.3,0.0
2023-02-04 09:00:00,15.3,97.0,7.2,0.0
2023-02-04 10:00:00,15.4,96.0,10.4,0.0
2023-02-04 11:00:00,16.7,,10.1,0.0
2023-02-04 12:00:00,18.0,88.0,9.0,0.0
2023-02-04 13:00:00,19.3,83.0,8.8,0.0
2023-02-04 14:00:00,20.1,81.0,9.2,0.0
2023-02-04 15:00:00,20.8,77.0,10.4,0.0
2023-02-04 16:00:00,21.5,74.0,,0.0
2023-02-04 17:00:00,22.2,70.0,13.7,0.0
2023-02-04 18:00:00,22.6,68.0,14.7,0.0
2023-02-04 19:00:00,22.4,68.0,,0.0
2023-02-04 20:00:00,22.0,69.0,13.4,0.0
2023-02-04 21:00:00,21.7,70.0,10.1,0.0
2023-02-04 22:00:00,20.7,77.0,8.7,0.0
2023-02-04 23:00:00,19.8,81.0,6.8,0.0
2023-02-05 00:00:00,19.0,84.0,2.8,0.0
2023-02-05 01:00:00,18.5,86.0,2.6,0.0
2023-02-05 02:00:00,18.3,89.0,2.0,0.0
2023-02-05 03:00:00,17.6,91.0,3.0,
2023-02-05 04:00:00,16.9,94.0,4.8,0.0
2023-02-05 05:00:00,32.0,92.0,5.4,0.0
2023-02-05 06:00:00,17.0,90.0,6.5,0.0
2023-02-05 07:00:00,16.7,91.0,6.9,0.0
2023-02-05 08:00:00,,92.0,5.9,0.0
2023-02-05 09:00:00,16.2,93.0,3.6,0.0
2023-02-05 10:00:00,16.1,91.0,3.2,0.0
2023-02-05 11:00:00,16.9,89.0,2.4,0.0
2023-02-05 12:00:00,18.5,83.0,4.2,0.0
2023-02-05 13:00:00,19.2,82.0,,0.0
2023-02-05 14:00:00,19.9,79.0,9.0,0.0
2023-02-05 15:00:00,,75.0,11.0,0.0
2023-02-05 16:00:00,21.5,,12.9,0.0
2023-02-05 17:00:00,22.0,70.0,14.0,0.0
2023-02-05 18:00:00,22.5,69.0,15.5,0.0
2023-02-05 19:00:00,22.1,70.0,,0.0
2023-02-05 20:00:00,21.7,71.0,15.8,0.0
2023-02-05 21:00:00,21.3,72.0,14.8,0.0
2023-02-05 22:00:00,20.4,77.0,14.8,0.0
2023-02-05 23:00:00,19.3,81.0,,0.0
2023-02-06 00:00:00,18.5,83.0,13.3,0.0
2023-02-06 01:00:00,18.4,83.0,12.7,0.0
2023-02-06 02:00:00,18.1,83.0,12.1,0.0
2023-02-06 03:00:00,17.4,87.0,10.0,0.0
2023-02-06 04:00:00,17.5,86.0,9.3,0.0
2023-02-06 05:00:00,17.3,86.0,7.9,0.0
2023-02-06 06:00:00,16.9,88.0,7.9,0.0
2023-02-06 07:00:00,16.6,90.0,7.7,0.0
2023-02-06 08:00:00,16.0,93.0,,
2023-02-06 09:00:00,15.6,95.0,6.5,0.0
2023-02-06 10:00:00,15.5,93.0,3.7,0.0
2023-02-06 11:00:00,16.5,89.0,1.8,0.0
2023-02-06 12:00:00,18.1,83.0,4.8,0.0
2023-02-06 13:00:00,19.1,79.0,7.3,0.0
2023-02-06 14:00:00,19.9,77.0,9.2,0.0
2023-02-06 15:00:00,21.1,74.0,11.0,0.0
2023-02-06 16:00:00,22.0,72.0,12.2,0.0
2023-02-06 17:00:00,22.5,71.0,12.9,0.0
2023-02-06 18:00:00,22.6,71.0,13.1,0.0
2023-02-06 19:00:00,22.1,,13.2,0.0
2023-02-06 20:00:00,21.9,73.0,13.0,0.0
2023-02-06 21:00:00,21.5,75.0,13.3,0.0
2023-02-06 22:00:00,20.3,77.0,14.6,0.0
2023-02-06 23:00:00,19.4,80.0,11.9,
2023-02-07 00:00:00,,81.0,9.2,0.0
2023-02-07 01:00:00,18.7,82.0,7.4,0.0
2023-02-07 02:00:00,18.0,85.0,5.9,0.0
2023-02-07 03:00:00,17.4,87.0,4.4,0.0
2023-02-07 04:00:00,17.2,,4.7,0.0
2023-02-07 05:00:00,16.7,90.0,4.9,0.0
2023-02-07 06:00:00,16.2,94.0,,0.0
2023-02-07 07:00:00,15.7,96.0,2.5,0.0
2023-02-07 08:00:00,15.6,96.0,0.8,0.0
2023-02-07 09:00:00,15.6,97.0,1.8,0.0
2023-02-07 10:00:00,15.3,96.0,4.3,0.0
2023-02-07 11:00:00,16.3,93.0,6.3,0.0
2023-02-07 12:00:00,17.3,89.0,7.6,0.0
2023-02-07 13:00:00,18.2,85.0,10.5,0.0
2023-02-07 14:00:00,18.9,82.0,11.5,0.0
2023-02-07 15:00:00,19.9,79.0,12.6,0.0
2023-02-07 16:00:00,20.4,76.0,11.6,0.0
2023-02-07 17:00:00,21.4,73.0,10.8,
2023-02-07 18:00:00,22.0,71.0,11.2,0.0
2023-02-07 19:00:00,22.3,69.0,,0.0
2023-02-07 20:00:00,22.2,70.0,12.8,0.0
2023-02-07 21:00:00,22.0,71.0,12.9,0.0
2023-02-07 22:00:00,20.9,75.0,11.2,0.0
2023-02-07 23:00:00,19.7,80.0,10.0,0.0
2023-02-08 00:00:00,19.0,83.0,8.5,0.0
2023-02-08 01:00:00,18.2,87.0,7.4,0.0
2023-02-08 02:00:00,17.6,90.0,6.7,0.0
2023-02-08 03:00:00,17.2,90.0,3.8,0.0
2023-02-08 04:00:00,17.1,90.0,3.0,0.0
2023-02-08 05:00:00,17.2,89.0,2.8,0.0
2023-02-08 06:00:00,16.7,91.0,4.0,0.0
2023-02-08 07:00:00,16.4,93.0,5.0,
2023-02-08 08:00:00,,94.0,5.1,0.0
2023-02-08 09:00:00,15.7,96.0,4.4,0.0
2023-02-08 10:00:00,15.4,97.0,4.3,0.0
2023-02-08 11:00:00,16.5,94.0,5.4,0.0
2023-02-08 12:00:00,17.3,91.0,5.8,
2023-02-08 13:00:00,18.2,86.0,7.1,0.0
2023-02-08 14:00:00,19.2,83.0,8.7,0.0
2023-02-08 15:00:00,20.2,79.0,10.6,0.0
2023-02-08 16:00:00,21.1,,,0.0
2023-02-08 17:00:00,22.1,75.0,12.6,
2023-02-08 18:00:00,22.6,74.0,13.0,0.0
2023-02-08 19:00:00,22.4,74.0,13.2,0.0
2023-02-08 20:00:00,22.4,75.0,13.1,0.0
2023-02-08 21:00:00,22.2,76.0,14.0,0.0
2023-02-08 22:00:00,20.9,77.0,13.8,
2023-02-08 23:00:00,,83.0,13.7,0.0
2023-02-09 00:00:00,19.2,87.0,12.5,0.0
2023-02-09 01:00:00,18.5,90.0,11.3,0.0
2023-02-09 02:00:00,18.0,92.0,10.9,0.0
2023-02-09 03:00:00,17.4,92.0,10.5,0.0
2023-02-09 04:00:00,17.1,93.0,10.9,0.0
2023-02-09 05:00:00,16.7,94.0,11.9,0.0
2023-02-09 06:00:00,16.5,94.0,12.2,0.0
2023-02-09 07:00:00,16.2,94.0,11.2,0.0
2023-02-09 08:00:00,16.1,93.0,10.8,0.0
2023-02-09 09:00:00,16.2,92.0,10.5,0.0
2023-02-09 10:00:00,16.3,92.0,8.7,0.0
2023-02-09 11:00:00,17.0,88.0,8.0,0.0
2023-02-09 12:00:00,19.3,82.0,8.0,0.0
2023-02-09 13:00:00,21.6,72.0,7.5,0.0
2023-02-09 14:00:00,22.6,68.0,8.4,0.0
2023-02-09 15:00:00,23.7,67.0,10.6,0.0
2023-02-09 16:00:00,24.8,64.0,13.0,0.0
2023-02-09 17:00:00,25.1,65.0,14.8,0.0
2023-02-09 18:00:00,25.2,64.0,15.5,0.0
2023-02-09 19:00:00,,,15.5,0.0
2023-02-09 20:00:00,24.5,65.0,15.3,0.0
2023-02-09 21:00:00,,67.0,15.3,0.0
2023-02-09 22:00:00,22.3,71.0,14.1,0.0
2023-02-09 23:00:00,21.4,71.0,13.6,0.0
2023-02-10 00:00:00,20.6,77.0,12.1,0.0
2023-02-10 01:00:00,19.7,80.0,12.2,0.0
2023-02-10 02:00:00,19.0,83.0,12.7,0.0
2023-02-10 03:00:00,18.0,86.0,12.6,0.0
2023-02-10 04:00:00,17.5,86.0,12.6,0.0
2023-02-10 05:00:00,17.2,85.0,13.0,0.0
2023-02-10 06:00:00,17.0,86.0,13.0,0.0
2023-02-10 07:00:00,16.5,87.0,13.0,0.0
2023-02-10 08:00:00,16.4,87.0,11.9,0.0
2023-02-10 09:00:00,15.9,90.0,10.1,0.0
2023-02-10 10:00:00,15.5,90.0,7.6,0.0
2023-02-10 11:00:00,16.2,87.0,5.4,
2023-02-10 12:00:00,18.5,81.0,1.6,0.0
2023-02-10 13:00:00,19.6,78.0,4.6,0.0
2023-02-10 14:00:00,20.3,77.0,7.2,0.0
2023-02-10 15:00:00,21.4,74.0,,
2023-02-10 16:00:00,22.2,,10.7,0.0
2023-02-10 17:00:00,22.8,72.0,12.8,0.0
2023-02-10 18:00:00,23.0,73.0,15.4,0.0
2023-02-10 19:00:00,22.8,74.0,17.3,0.0
2023-02-10 20:00:00,22.5,76.0,,0.0
2023-02-10 21:00:00,21.8,79.0,18.4,0.0
2023-02-10 22:00:00,20.9,82.0,15.7,0.0
2023-02-10 23:00:00,20.4,83.0,16.0,0.0
2023-02-11 00:00:00,20.1,83.0,14.2,0.0
2023-02-11 01:00:00,19.5,86.0,12.4,0.0
2023-02-11 02:00:00,18.6,87.0,12.8,0.0
2023-02-11 03:00:00,17.9,87.0,13.1,0.0
2023-02-11 04:00:00,17.5,87.0,13.4,0.0
2023-02-11 05:00:00,17.2,87.0,14.0,0.0
2023-02-11 06:00:00,16.8,87.0,13.0,0.0
2023-02-11 07:00:00,16.6,87.0,,0.0
2023-02-11 08:00:00,16.4,87.0,,0.0
2023-02-11 09:00:00,16.2,88.0,10.1,0.0
2023-02-11 10:00:00,15.6,90.0,8.0,0.0
2023-02-11 11:00:00,16.4,87.0,6.1,0.0
2023-02-11 12:00:00,18.4,82.0,3.3,0.0
2023-02-11 13:00:00,20.3,73.0,6.0,0.0
2023-02-11 14:00:00,21.0,73.0,11.0,0.0
2023-02-11 15:00:00,21.9,71.0,13.4,0.0
2023-02-11 16:00:00,22.9,69.0,15.1,0.0
2023-02-11 17:00:00,23.4,69.0,16.1,0.0
2023-02-11 18:00:00,23.9,68.0,,0.0
2023-02-11 19:00:00,23.9,67.0,18.3,0.0
2023-02-11 20:00:00,23.8,67.0,18.9,0.0
2023-02-11 21:00:00,23.3,66.0,18.7,0.0
2023-02-11 22:00:00,21.9,69.0,18.7,0.0
2023-02-11 23:00:00,20.9,70.0,18.0,0.0
2023-02-12 00:00:00,20.3,73.0,15.7,0.0
2023-02-12 01:00:00,19.2,77.0,14.4,0.0
2023-02-12 02:00:00,18.3,80.0,14.9,0.0
2023-02-12 03:00:00,17.4,81.0,14.5,0.0
2023-02-12 04:00:00,16.9,81.0,14.5,0.0
2023-02-12 05:00:00,16.3,83.0,14.6,0.0
2023-02-12 06:00:00,16.1,84.0,14.9,
2023-02-12 07:00:00,16.0,82.0,14.0,0.0
2023-02-12 08:00:00,15.4,84.0,12.6,0.0
2023-02-12 09:00:00,15.1,84.0,11.6,0.0
2023-02-12 10:00:00,,84.0,11.2,0.0
2023-02-12 11:00:00,15.9,81.0,11.1,0.0
2023-02-12 12:00:00,,71.0,12.8,0.0
2023-02-12 13:00:00,19.8,67.0,12.9,0.0
2023-02-12 14:00:00,20.5,67.0,14.8,0.0
2023-02-12 15:00:00,21.4,67.0,15.8,0.0
2023-02-12 16:00:00,21.9,67.0,,0.0
2023-02-12 17:00:00,22.3,67.0,17.9,0.0
2023-02-12 18:00:00,22.6,69.0,19.6,0.0
2023-02-12 19:00:00,22.1,72.0,20.1,0.0
2023-02-12 20:00:00,,75.0,19.7,0.0
2023-02-12 21:00:00,20.8,79.0,19.1,0.0
2023-02-12 22:00:00,19.7,82.0,17.9,
2023-02-12 23:00:00,18.8,86.0,17.6,0.0
2023-02-13 00:00:00,18.3,88.0,,0.0
2023-02-13 01:00:00,,86.0,13.5,0.0
2023-02-13 02:00:00,18.1,86.0,14.1,0.0
2023-02-13 03:00:00,17.2,89.0,15.8,0.0
2023-02-13 04:00:00,16.6,89.0,15.5,0.0
2023-02-13 05:00:00,16.5,89.0,14.0,0.0
2023-02-13 06:00:00,16.1,89.0,12.2,0.0
2023-02-13 07:00:00,15.5,90.0,12.2,0.0
2023-02-13 08:00:00,15.3,90.0,,0.0
2023-02-13 09:00:00,15.2,90.0,13.3,0.0
2023-02-13 10:00:00,15.2,89.0,11.5,0.0
2023-02-13 11:00:00,15.6,86.0,13.8,0.0
2023-02-13 12:00:00,18.2,76.0,15.6,0.0
2023-02-13 13:00:00,20.2,69.0,16.5,0.0
2023-02-13 14:00:00,21.2,66.0,18.5,0.0
2023-02-13 15:00:00,22.2,64.0,21.2,0.0
2023-02-13 16:00:00,22.7,62.0,23.4,0.0
2023-02-13 17:00:00,23.1,61.0,24.8,0.0
2023-02-13 18:00:00,23.1,60.0,26.0,0.0
2023-02-13 19:00:00,23.0,60.0,27.0,0.0
2023-02-13 20:00:00,22.5,61.0,25.9,0.0
2023-02-13 21:00:00,22.1,63.0,24.3,0.0
2023-02-13 22:00:00,21.2,65.0,22.4,0.0
2023-02-13 23:00:00,20.0,70.0,21.3,0.0
2023-02-14 00:00:00,,74.0,19.4,0.0
2023-02-14 01:00:00,18.7,75.0,16.9,0.0
2023-02-14 02:00:00,17.6,77.0,15.5,0.0
2023-02-14 03:00:00,16.9,80.0,16.2,0.0
2023-02-14 04:00:00,16.3,81.0,16.0,0.0
2023-02-14 05:00:00,15.8,82.0,15.5,0.0
2023-02-14 06:00:00,15.4,83.0,17.5,0.0
2023-02-14 07:00:00,15.3,83.0,16.6,0.0
2023-02-14 08:00:00,15.4,,14.4,0.0
2023-02-14 09:00:00,15.0,82.0,14.1,0.0
2023-02-14 10:00:00,14.2,85.0,14.4,0.0
2023-02-14 11:00:00,15.1,81.0,,0.0
2023-02-14 12:00:00,18.0,71.0,42.0,0.0
2023-02-14 13:00:00,20.0,63.0,19.0,0.0
2023-02-14 14:00:00,21.3,59.0,20.8,0.0
2023-02-14 15:00:00,22.3,56.0,23.2,
2023-02-14 16:00:00,22.7,55.0,26.4,0.0
2023-02-14 17:00:00,23.0,54.0,27.5,0.0
2023-02-14 18:00:00,,53.0,28.8,0.0
2023-02-14 19:00:00,23.0,55.0,28.0,0.0
2023-02-14 20:00:00,22.6,56.0,26.3,0.0
2023-02-14 21:00:00,22.4,57.0,25.1,0.0
2023-02-14 22:00:00,21.7,,23.7,0.0
2023-02-14 23:00:00,20.4,63.0,22.2,0.0
2023-02-15 00:00:00,19.5,67.0,19.3,0.0
2023-02-15 01:00:00,18.9,69.0,16.9,0.0
2023-02-15 02:00:00,18.2,72.0,15.9,0.0
2023-02-15 03:00:00,17.1,78.0,15.3,
2023-02-15 04:00:00,16.5,79.0,15.6,
2023-02-15 05:00:00,16.0,79.0,15.5,0.0
2023-02-15 06:00:00,15.5,,13.7,0.0
2023-02-15 07:00:00,15.1,80.0,12.2,0.0
2023-02-15 08:00:00,14.6,81.0,11.2,
2023-02-15 09:00:00,14.5,79.0,,0.0
2023-02-15 10:00:00,14.2,,7.4,0.0
2023-02-15 11:00:00,14.7,79.0,5.1,0.0
2023-02-15 12:00:00,17.3,73.0,7.1,0.0
2023-02-15 13:00:00,18.7,67.0,11.6,0.0
2023-02-15 14:00:00,19.5,66.0,,0.0
2023-02-15 15:00:00,20.5,,10.8,0.0
2023-02-15 16:00:00,21.1,64.0,12.0,0.0
2023-02-15 17:00:00,21.0,66.0,12.0,0.0
2023-02-15 18:00:00,21.1,68.0,12.4,0.0
2023-02-15 19:00:00,21.1,68.0,13.6,0.0
2023-02-15 20:00:00,20.6,69.0,13.1,0.0
2023-02-15 21:00:00,20.3,69.0,12.2,0.0
2023-02-15 22:00:00,19.4,73.0,9.7,0.0
2023-02-15 23:00:00,18.3,77.0,9.2,0.0
2023-02-16 00:00:00,17.5,81.0,8.2,0.0
2023-02-16 01:00:00,16.8,86.0,6.6,0.0
2023-02-16 02:00:00,16.6,84.0,5.1,0.0
2023-02-16 03:00:00,16.1,,4.1,0.0
2023-02-16 04:00:00,15.8,86.0,3.4,0.0
2023-02-16 05:00:00,15.5,88.0,3.6,0.0
2023-02-16 06:00:00,14.9,92.0,2.3,0.0
2023-02-16 07:00:00,14.3,94.0,1.1,0.0
2023-02-16 08:00:00,14.3,94.0,3.6,0.0
2023-02-16 09:00:00,14.8,92.0,4.2,0.0
2023-02-16 10:00:00,13.6,97.0,2.2,0.0
2023-02-16 11:00:00,14.3,95.0,3.8,0.0
2023-02-16 12:00:00,16.0,86.0,4.8,0.0
2023-02-16 13:00:00,17.1,79.0,7.2,0.0
2023-02-16 14:00:00,17.7,76.0,8.8,0.0
2023-02-16 15:00:00,18.5,75.0,9.0,0.0
2023-02-16 16:00:00,19.1,73.0,,0.0
2023-02-16 17:00:00,20.0,71.0,12.3,0.0
2023-02-16 18:00:00,20.1,70.0,12.4,0.0
2023-02-16 19:00:00,20.3,70.0,11.4,0.0
2023-02-16 20:00:00,19.7,70.0,11.7,0.0
2023-02-16 21:00:00,19.1,71.0,12.4,0.0
2023-02-16 22:00:00,18.1,75.0,10.6,
2023-02-16 23:00:00,,78.0,8.5,0.0
2023-02-17 00:00:00,16.6,80.0,6.6,0.0
2023-02-17 01:00:00,16.0,84.0,5.4,0.0
2023-02-17 02:00:00,15.5,85.0,5.0,0.0
2023-02-17 03:00:00,15.1,87.0,5.5,0.0
2023-02-17 04:00:00,14.8,87.0,4.7,0.0
2023-02-17 05:00:00,13.8,,,0.0
2023-02-17 06:00:00,13.4,95.0,3.2,0.0
2023-02-17 07:00:00,13.4,94.0,3.3,0.0
2023-02-17 08:00:00,13.7,92.0,4.0,
2023-02-17 09:00:00,13.8,92.0,4.7,0.0
2023-02-17 10:00:00,13.8,91.0,5.0,0.0
2023-02-17 11:00:00,14.5,88.0,2.6,0.0
2023-02-17 12:00:00,16.5,80.0,4.1,0.0
2023-02-17 13:00:00,18.2,72.0,7.2,0.0
2023-02-17 14:00:00,19.2,71.0,9.7,0.0
2023-02-17 15:00:00,20.0,,11.2,0.0
2023-02-17 16:00:00,20.8,67.0,12.1,0.0
2023-02-17 17:00:00,21.5,66.0,13.0,0.0
2023-02-17 18:00:00,21.8,64.0,13.1,0.0
2023-02-17 19:00:00,21.6,65.0,12.9,0.0
2023-02-17 20:00:00,21.1,65.0,11.2,0.0
2023-02-17 21:00:00,21.0,64.0,10.4,0.0
2023-02-17 22:00:00,19.8,67.0,8.4,0.0
2023-02-17 23:00:00,18.6,71.0,7.7,0.0
2023-02-18 00:00:00,17.8,75.0,5.5,0.0
2023-02-18 01:00:00,17.2,78.0,5.1,0.0
2023-02-18 02:00:00,16.2,83.0,3.1,
2023-02-18 03:00:00,15.4,85.0,1.6,0.0
2023-02-18 04:00:00,15.1,86.0,0.4,0.0
2023-02-18 05:00:00,14.7,87.0,0.5,0.0
2023-02-18 06:00:00,14.7,87.0,1.1,0.0
2023-02-18 07:00:00,14.7,87.0,1.3,0.0
2023-02-18 08:00:00,14.6,,1.9,0.0
2023-02-18 09:00:00,14.5,89.0,2.2,0.0
2023-02-18 10:00:00,,88.0,1.8,0.0
2023-02-18 11:00:00,15.7,84.0,1.5,0.0
2023-02-18 12:00:00,18.2,73.0,,0.0
2023-02-18 13:00:00,19.9,68.0,4.3,0.0
2023-02-18 14:00:00,20.9,66.0,8.6,0.0
2023-02-18 15:00:00,21.5,,11.3,0.0
2023-02-18 16:00:00,21.8,62.0,12.8,0.0
2023-02-18 17:00:00,22.0,63.0,12.6,0.0
2023-02-18 18:00:00,22.1,63.0,11.6,0.0
2023-02-18 19:00:00,21.9,65.0,10.2,0.0
2023-02-18 20:00:00,21.7,67.0,8.9,0.0
2023-02-18 21:00:00,21.5,68.0,7.3,0.0
2023-02-18 22:00:00,20.5,71.0,31.9,0.0
2023-02-18 23:00:00,19.8,74.0,5.6,0.0
2023-02-19 00:00:00,19.0,79.0,4.3,0.0
2023-02-19 01:00:00,18.2,83.0,,0.0
2023-02-19 02:00:00,17.2,87.0,6.4,0.0
2023-02-19 03:00:00,16.8,87.0,6.5,0.0
2023-02-19 04:00:00,16.4,,6.3,0.0
2023-02-19 05:00:00,15.9,88.0,5.5,0.0
2023-02-19 06:00:00,15.6,,5.8,0.0
2023-02-19 07:00:00,15.6,86.0,6.5,0.0
2023-02-19 08:00:00,15.1,87.0,6.7,0.0
2023-02-19 09:00:00,14.6,89.0,6.2,0.0
2023-02-19 10:00:00,14.8,89.0,5.0,0.0
2023-02-19 11:00:00,15.7,,4.5,0.0
2023-02-19 12:00:00,18.0,77.0,6.1,0.0
2023-02-19 13:00:00,,70.0,8.9,0.0
2023-02-19 14:00:00,20.7,68.0,10.7,0.0
2023-02-19 15:00:00,21.6,67.0,12.5,0.0
2023-02-19 16:00:00,22.3,64.0,14.8,0.0
2023-02-19 17:00:00,23.0,62.0,16.6,0.0
2023-02-19 18:00:00,23.4,61.0,18.3,0.0
2023-02-19 19:00:00,23.3,61.0,18.4,0.0
2023-02-19 20:00:00,22.9,61.0,17.1,0.0
2023-02-19 21:00:00,22.4,61.0,16.8,0.0
2023-02-19 22:00:00,21.0,63.0,14.1,0.0
2023-02-19 23:00:00,19.8,67.0,11.8,0.0
2023-02-20 00:00:00,19.0,72.0,,0.0
2023-02-20 01:00:00,18.1,76.0,7.2,0.0
2023-02-20 02:00:00,17.4,76.0,5.4,
2023-02-20 03:00:00,16.6,78.0,4.7,0.0
2023-02-20 04:00:00,15.8,80.0,5.4,0.0
2023-02-20 05:00:00,15.5,83.0,6.1,0.0
2023-02-20 06:00:00,15.2,85.0,6.1,
2023-02-20 07:00:00,15.3,83.0,6.1,0.0
2023-02-20 08:00:00,15.7,80.0,6.1,0.0
2023-02-20 09:00:00,15.1,84.0,6.9,0.0
2023-02-20 10:00:00,14.7,83.0,6.6,0.0
2023-02-20 11:00:00,15.5,80.0,4.7,0.0
2023-02-20 12:00:00,17.2,78.0,4.0,0.0
2023-02-20 13:00:00,19.4,67.0,,0.0
2023-02-20 14:00:00,20.5,64.0,8.6,0.0
2023-02-20 15:00:00,,64.0,10.2,0.0
2023-02-20 16:00:00,22.4,63.0,10.8,0.0
2023-02-20 17:00:00,22.9,63.0,11.8,0.0
2023-02-20 18:00:00,23.1,63.0,12.9,0.0
2023-02-20 19:00:00,23.1,62.0,13.6,
2023-02-20 20:00:00,22.7,64.0,13.6,0.0
2023-02-20 21:00:00,22.2,65.0,13.2,0.0
2023-02-20 22:00:00,21.0,,11.5,0.0
2023-02-20 23:00:00,19.8,72.0,10.5,0.0
2023-02-21 00:00:00,18.7,79.0,9.0,0.0
2023-02-21 01:00:00,17.9,81.0,8.0,0.0
2023-02-21 02:00:00,17.4,82.0,6.2,0.0
2023-02-21 03:00:00,16.7,84.0,5.9,0.0
2023-02-21 04:00:00,16.2,84.0,6.0,0.0
2023-02-21 05:00:00,,85.0,7.1,
2023-02-21 06:00:00,15.7,86.0,7.6,0.0
2023-02-21 07:00:00,15.6,86.0,7.2,0.0
2023-02-21 08:00:00,15.2,88.0,6.2,0.0
2023-02-21 09:00:00,14.7,91.0,5.5,0.0
2023-02-21 10:00:00,14.4,92.0,,0.0
2023-02-21 11:00:00,15.0,90.0,3.6,0.0
2023-02-21 12:00:00,17.3,81.0,2.3,0.0
2023-02-21 13:00:00,18.6,74.0,,0.0
2023-02-21 14:00:00,19.9,69.0,8.6,
2023-02-21 15:00:00,20.7,70.0,10.5,0.0
2023-02-21 16:00:00,21.5,69.0,11.2,0.0
2023-02-21 17:00:00,21.8,69.0,11.2,0.0
2023-02-21 18:00:00,21.9,67.0,11.5,0.0
2023-02-21 19:00:00,22.0,66.0,11.3,0.0
2023-02-21 20:00:00,21.7,67.0,10.7,0.0
2023-02-21 21:00:00,21.1,69.0,9.8,
2023-02-21 22:00:00,19.9,72.0,10.0,0.0
2023-02-21 23:00:00,,77.0,7.4,0.0
2023-02-22 00:00:00,18.0,82.0,3.6,0.0
2023-02-22 01:00:00,17.4,82.0,2.6,0.0
2023-02-22 02:00:00,16.6,85.0,1.8,0.0
2023-02-22 03:00:00,16.2,87.0,0.7,0.0
2023-02-22 04:00:00,15.5,90.0,2.5,0.0
2023-02-22 05:00:00,15.1,91.0,3.1,
2023-02-22 06:00:00,15.2,91.0,3.0,0.0
2023-02-22 07:00:00,15.1,90.0,2.9,0.0
2023-02-22 08:00:00,15.4,89.0,3.0,0.0
2023-02-22 09:00:00,15.1,90.0,2.9,
2023-02-22 10:00:00,14.0,95.0,1.1,0.0
2023-02-22 11:00:00,14.6,93.0,0.7,0.0
2023-02-22 12:00:00,16.5,87.0,3.2,0.0
2023-02-22 13:00:00,17.4,80.0,6.3,0.0
2023-02-22 14:00:00,18.2,77.0,7.4,0.0
2023-02-22 15:00:00,19.2,,8.4,0.0
2023-02-22 16:00:00,19.8,73.0,9.7,0.0
2023-02-22 17:00:00,20.7,71.0,11.3,0.0
2023-02-22 18:00:00,21.2,69.0,12.1,0.0
2023-02-22 19:00:00,21.2,68.0,12.1,0.0
2023-02-22 20:00:00,21.0,69.0,11.5,0.0
2023-02-22 21:00:00,20.5,70.0,10.2,0.0
2023-02-22 22:00:00,19.1,73.0,8.8,0.0
2023-02-22 23:00:00,18.1,76.0,6.5,0.0
2023-02-23 00:00:00,17.4,80.0,5.8,0.0
2023-02-23 01:00:00,16.7,86.0,6.1,0.0
2023-02-23 02:00:00,15.7,88.0,5.6,0.0
2023-02-23 03:00:00,,91.0,5.8,0.0
2023-02-23 04:00:00,14.9,92.0,5.7,0.0
2023-02-23 05:00:00,14.6,93.0,5.4,0.0
2023-02-23 06:00:00,14.3,94.0,,
2023-02-23 07:00:00,13.9,95.0,5.1,0.0
2023-02-23 08:00:00,,96.0,6.1,0.0
2023-02-23 09:00:00,,95.0,6.8,0.0
2023-02-23 10:00:00,14.1,95.0,6.6,0.0
2023-02-23 11:00:00,14.9,92.0,2.5,0.0
2023-02-23 12:00:00,16.9,84.0,3.9,0.0
2023-02-23 13:00:00,18.6,76.0,7.8,0.0
2023-02-23 14:00:00,20.0,71.0,10.0,0.0
2023-02-23 15:00:00,21.1,69.0,,0.0
2023-02-23 16:00:00,,69.0,11.8,0.0
2023-02-23 17:00:00,22.7,68.0,12.7,0.0
2023-02-23 18:00:00,22.5,68.0,13.4,0.0
2023-02-23 19:00:00,22.5,68.0,13.4,0.0
2023-02-23 20:00:00,21.6,70.0,11.9,0.0
2023-02-23 21:00:00,21.0,73.0,10.3,0.0
2023-02-23 22:00:00,19.7,74.0,9.5,0.0
2023-02-23 23:00:00,18.7,78.0,,0.0
2023-02-24 00:00:00,18.1,82.0,4.7,0.0
2023-02-24 01:00:00,17.5,84.0,3.8,0.0
2023-02-24 02:00:00,16.7,88.0,3.6,0.0
2023-02-24 03:00:00,16.5,88.0,2.6,0.0
2023-02-24 04:00:00,16.2,89.0,3.1,0.0
2023-02-24 05:00:00,15.9,91.0,3.7,0.0
2023-02-24 06:00:00,15.7,92.0,3.1,0.0
2023-02-24 07:00:00,15.2,94.0,1.1,0.0
2023-02-24 08:00:00,14.7,96.0,1.0,0.0
2023-02-24 09:00:00,14.7,97.0,0.5,0.0
2023-02-24 10:00:00,15.0,93.0,,0.0
2023-02-24 11:00:00,14.8,95.0,,0.0
2023-02-24 12:00:00,15.8,89.0,4.7,0.0
2023-02-24 13:00:00,16.6,85.0,6.9,0.0
2023-02-24 14:00:00,17.3,82.0,7.0,0.0
2023-02-24 15:00:00,18.2,79.0,9.1,0.0
2023-02-24 16:00:00,19.2,76.0,12.2,0.0
2023-02-24 17:00:00,19.9,74.0,14.2,0.0
2023-02-24 18:00:00,20.5,72.0,15.3,0.0
2023-02-24 19:00:00,,,14.3,0.0
2023-02-24 20:00:00,20.0,74.0,12.4,0.0
2023-02-24 21:00:00,19.6,76.0,10.1,0.0
2023-02-24 22:00:00,18.9,76.0,9.1,0.0
2023-02-24 23:00:00,17.9,81.0,8.6,0.0
2023-02-25 00:00:00,17.3,84.0,7.7,0.0
2023-02-25 01:00:00,17.0,86.0,6.4,0.0
2023-02-25 02:00:00,16.1,89.0,5.7,0.0
2023-02-25 03:00:00,15.8,90.0,6.5,0.0
2023-02-25 04:00:00,15.3,92.0,8.0,0.0
2023-02-25 05:00:00,15.1,,,0.0
2023-02-25 06:00:00,15.0,93.0,9.4,0.0
2023-02-25 07:00:00,14.9,92.0,9.0,0.0
2023-02-25 08:00:00,14.9,,9.1,0.0
2023-02-25 09:00:00,,93.0,10.2,0.0
2023-02-25 10:00:00,14.8,,6.6,0.0
2023-02-25 11:00:00,15.0,95.0,6.2,0.0
2023-02-25 12:00:00,16.1,90.0,6.9,0.0
2023-02-25 13:00:00,17.1,84.0,8.3,0.0
2023-02-25 14:00:00,18.4,78.0,10.7,0.0
2023-02-25 15:00:00,19.5,74.0,12.2,0.0
2023-02-25 16:00:00,20.4,71.0,14.3,0.0
2023-02-25 17:00:00,20.9,70.0,17.1,0.0
2023-02-25 18:00:00,21.6,68.0,19.3,0.0
2023-02-25 19:00:00,21.5,70.0,19.9,0.0
2023-02-25 20:00:00,21.6,72.0,19.7,0.0
2023-02-25 21:00:00,21.6,73.0,18.5,0.0
2023-02-25 22:00:00,20.7,74.0,18.4,0.0
2023-02-25 23:00:00,19.5,77.0,16.3,0.0
2023-02-26 00:00:00,18.8,,12.5,0.0
2023-02-26 01:00:00,18.3,81.0,11.2,0.0
2023-02-26 02:00:00,17.3,86.0,10.5,0.0
2023-02-26 03:00:00,16.8,87.0,9.5,0.0
2023-02-26 04:00:00,16.2,89.0,9.5,
2023-02-26 05:00:00,15.9,90.0,9.4,0.0
2023-02-26 06:00:00,15.8,90.0,8.3,0.0
2023-02-26 07:00:00,15.5,91.0,6.9,0.0
2023-02-26 08:00:00,15.4,91.0,6.5,0.0
2023-02-26 09:00:00,15.5,92.0,6.9,
2023-02-26 10:00:00,14.8,93.0,6.5,0.0
2023-02-26 11:00:00,15.3,91.0,5.6,0.0
2023-02-26 12:00:00,18.2,80.0,5.8,0.0
2023-02-26 13:00:00,20.2,70.0,7.9,0.0
2023-02-26 14:00:00,21.4,66.0,11.1,0.0
2023-02-26 15:00:00,22.5,64.0,13.8,0.0
2023-02-26 16:00:00,,63.0,16.3,0.0
2023-02-26 17:00:00,23.8,61.0,19.6,0.0
2023-02-26 18:00:00,24.3,59.0,20.9,
2023-02-26 19:00:00,24.4,57.0,20.2,0.0
2023-02-26 20:00:00,24.3,57.0,19.7,0.0
2023-02-26 21:00:00,23.7,57.0,18.9,0.0
2023-02-26 22:00:00,22.3,61.0,,0.0
2023-02-26 23:00:00,21.5,63.0,12.5,0.0
2023-02-27 00:00:00,19.5,73.0,10.0,0.0
2023-02-27 01:00:00,18.7,76.0,,0.0
2023-02-27 02:00:00,17.2,80.0,5.9,0.0
2023-02-27 03:00:00,16.6,80.0,5.5,0.0
2023-02-27 04:00:00,16.4,79.0,5.4,0.0
2023-02-27 05:00:00,16.2,79.0,5.4,0.0
2023-02-27 06:00:00,15.8,78.0,5.4,0.0
2023-02-27 07:00:00,15.6,78.0,5.1,0.0
2023-02-27 08:00:00,15.4,78.0,4.7,0.0
2023-02-27 09:00:00,15.0,79.0,4.3,0.0
2023-02-27 10:00:00,14.6,88.0,2.1,0.0
2023-02-27 11:00:00,15.3,85.0,1.3,0.0
2023-02-27 12:00:00,17.4,,1.0,0.0
2023-02-27 13:00:00,19.4,71.0,3.9,0.0
2023-02-27 14:00:00,20.5,68.0,7.1,0.0
2023-02-27 15:00:00,21.6,65.0,10.2,0.0
2023-02-27 16:00:00,22.0,66.0,12.0,0.0
2023-02-27 17:00:00,22.5,65.0,11.6,0.0
2023-02-27 18:00:00,22.7,,11.2,0.0
2023-02-27 19:00:00,22.5,,10.8,0.0
2023-02-27 20:00:00,22.3,,10.4,0.0
2023-02-27 21:00:00,21.8,64.0,10.2,0.0
2023-02-27 22:00:00,20.5,68.0,10.5,0.0
2023-02-27 23:00:00,19.5,71.0,8.7,0.0
2023-02-28 00:00:00,17.9,80.0,5.9,0.0
2023-02-28 01:00:00,17.4,81.0,6.6,0.0
2023-02-28 02:00:00,16.2,87.0,7.2,0.0
2023-02-28 03:00:00,15.7,87.0,7.1,0.0
2023-02-28 04:00:00,15.5,86.0,6.7,0.0
2023-02-28 05:00:00,15.1,88.0,7.1,
2023-02-28 06:00:00,14.7,88.0,6.9,0.0
2023-02-28 07:00:00,14.3,89.0,7.2,0.0
2023-02-28 08:00:00,14.0,91.0,6.9,0.0
2023-02-28 09:00:00,,91.0,5.9,0.0
2023-02-28 10:00:00,13.3,92.0,5.9,0.0
2023-02-28 11:00:00,14.0,91.0,6.0,0.0
2023-02-28 12:00:00,15.9,83.0,8.2,0.0
2023-02-28 13:00:00,17.0,75.0,10.4,0.0
2023-02-28 14:00:00,18.3,70.0,11.2,0.0
2023-02-28 15:00:00,19.5,67.0,12.0,0.0
2023-02-28 16:00:00,20.8,64.0,13.3,0.0
2023-02-28 17:00:00,21.5,64.0,14.3,0.0
2023-02-28 18:00:00,22.0,,15.1,0.0
2023-02-28 19:00:00,22.0,65.0,15.2,0.0
2023-02-28 20:00:00,22.0,66.0,15.7,0.0
2023-02-28 21:00:00,36.3,68.0,16.1,0.0
2023-02-28 22:00:00,19.7,75.0,15.8,0.0
2023-02-28 23:00:00,18.7,78.0,12.5,0.0
2023-03-01 00:00:00,17.9,82.0,9.7,0.0
2023-03-01 01:00:00,17.3,86.0,7.0,0.0
2023-03-01 02:00:00,16.5,88.0,5.2,0.0
2023-03-01 03:00:00,16.0,89.0,4.2,0.0
2023-03-01 04:00:00,15.4,90.0,4.2,0.0
2023-03-01 05:00:00,14.8,92.0,4.8,0.0
2023-03-01 06:00:00,14.5,93.0,5.4,0.0
2023-03-01 07:00:00,14.5,92.0,5.4,0.0
2023-03-01 08:00:00,14.6,91.0,4.6,0.0
2023-03-01 09:00:00,14.5,90.0,4.3,0.0
2023-03-01 10:00:00,13.7,94.0,4.3,0.0
2023-03-01 11:00:00,13.8,92.0,5.4,0.0
2023-03-01 12:00:00,16.5,84.0,7.0,0.0
2023-03-01 13:00:00,19.0,72.0,9.4,
2023-03-01 14:00:00,20.5,68.0,,0.0
2023-03-01 15:00:00,21.2,67.0,17.5,0.0
2023-03-01 16:00:00,22.3,64.0,21.5,0.0
2023-03-01 17:00:00,22.8,64.0,23.3,0.0
2023-03-01 18:00:00,23.2,63.0,23.3,0.0
2023-03-01 19:00:00,23.4,63.0,23.8,0.0
2023-03-01 20:00:00,22.0,69.0,24.6,0.0
2023-03-01 21:00:00,21.0,73.0,21.7,0.0
2023-03-01 22:00:00,20.1,76.0,18.8,
2023-03-01 23:00:00,19.3,,16.3,0.0
2023-03-02 00:00:00,18.2,84.0,12.6,0.0
2023-03-02 01:00:00,17.2,88.0,11.4,0.0
2023-03-02 02:00:00,16.7,89.0,10.7,0.0
2023-03-02 03:00:00,16.0,91.0,9.4,0.0
2023-03-02 04:00:00,15.8,91.0,6.5,0.0
2023-03-02 05:00:00,15.4,91.0,5.4,0.0
2023-03-02 06:00:00,14.7,93.0,6.1,0.0
2023-03-02 07:00:00,14.5,92.0,6.8,0.0
2023-03-02 08:00:00,14.5,91.0,7.2,0.0
2023-03-02 09:00:00,14.4,90.0,7.2,0.0
2023-03-02 10:00:00,14.2,91.0,7.2,0.0
2023-03-02 11:00:00,14.5,89.0,7.2,0.0
2023-03-02 12:00:00,17.2,81.0,6.2,0.0
2023-03-02 13:00:00,19.4,70.0,7.7,0.0
2023-03-02 14:00:00,20.3,68.0,9.7,0.0
2023-03-02 15:00:00,20.7,68.0,11.3,0.0
2023-03-02 16:00:00,21.4,67.0,12.6,0.0
2023-03-02 17:00:00,21.7,67.0,12.8,0.0
2023-03-02 18:00:00,21.8,67.0,12.9,0.0
2023-03-02 19:00:00,21.5,68.0,13.4,0.0
2023-03-02 20:00:00,20.9,68.0,13.3,0.0
2023-03-02 21:00:00,20.3,69.0,11.9,0.0
2023-03-02 22:00:00,19.1,74.0,12.7,0.0
2023-03-02 23:00:00,,78.0,9.8,0.0
2023-03-03 00:00:00,17.1,82.0,7.2,0.0
2023-03-03 01:00:00,16.5,84.0,4.8,0.0
2023-03-03 02:00:00,16.1,86.0,3.3,0.0
2023-03-03 03:00:00,15.4,90.0,2.8,0.0
2023-03-03 04:00:00,15.2,90.0,3.1,0.0
2023-03-03 05:00:00,14.9,92.0,4.4,0.0
2023-03-03 06:00:00,15.1,91.0,,0.0
2023-03-03 07:00:00,14.8,91.0,5.6,0.0
2023-03-03 08:00:00,14.5,93.0,5.6,0.0
2023-03-03 09:00:00,14.6,94.0,5.8,0.0
2023-03-03 10:00:00,14.9,92.0,6.5,0.0
2023-03-03 11:00:00,15.2,91.0,8.7,0.0
2023-03-03 12:00:00,,89.0,8.0,0.0
2023-03-03 13:00:00,17.2,83.0,,0.0
2023-03-03 14:00:00,18.3,78.0,9.0,0.0
2023-03-03 15:00:00,19.1,75.0,9.8,0.0
2023-03-03 16:00:00,,73.0,10.1,0.0
2023-03-03 17:00:00,20.3,72.0,9.7,0.0
2023-03-03 18:00:00,20.9,71.0,10.1,0.0
2023-03-03 19:00:00,21.1,71.0,11.2,
2023-03-03 20:00:00,21.0,71.0,12.1,
2023-03-03 21:00:00,20.8,72.0,12.2,0.0
2023-03-03 22:00:00,19.3,77.0,10.7,0.0
2023-03-03 23:00:00,18.4,81.0,9.4,0.0
2023-03-04 00:00:00,18.0,83.0,9.7,0.0
2023-03-04 01:00:00,17.8,84.0,9.5,0.0
2023-03-04 02:00:00,16.9,88.0,7.3,0.0
2023-03-04 03:00:00,16.6,89.0,6.2,0.0
2023-03-04 04:00:00,16.1,91.0,5.0,0.0
2023-03-04 05:00:00,15.7,93.0,4.9,0.0
2023-03-04 06:00:00,15.5,93.0,6.6,0.0
2023-03-04 07:00:00,15.2,94.0,6.5,0.0
2023-03-04 08:00:00,14.9,95.0,5.1,0.0
2023-03-04 09:00:00,14.8,96.0,4.5,0.0
2023-03-04 10:00:00,14.6,96.0,29.6,0.0
2023-03-04 11:00:00,14.9,94.0,4.0,0.0
2023-03-04 12:00:00,17.2,86.0,4.8,0.0
2023-03-04 13:00:00,18.9,79.0,7.4,0.0
2023-03-04 14:00:00,19.9,77.0,10.0,0.0
2023-03-04 15:00:00,20.9,73.0,12.3,0.0
2023-03-04 16:00:00,21.5,70.0,14.3,0.0
2023-03-04 17:00:00,21.9,72.0,15.8,0.0
2023-03-04 18:00:00,22.1,70.0,16.1,0.0
2023-03-04 19:00:00,22.1,70.0,16.8,0.0
2023-03-04 20:00:00,22.6,68.0,17.1,0.0
2023-03-04 21:00:00,22.6,68.0,15.7,0.0
2023-03-04 22:00:00,22.0,66.0,13.3,0.0
2023-03-04 23:00:00,,70.0,13.0,0.0
2023-03-05 00:00:00,19.2,79.0,11.3,0.0
2023-03-05 01:00:00,18.6,81.0,10.9,0.0
2023-03-05 02:00:00,17.8,83.0,,0.0
2023-03-05 03:00:00,17.1,86.0,7.6,0.0
2023-03-05 04:00:00,16.7,86.0,5.1,0.0
2023-03-05 05:00:00,16.1,89.0,3.3,0.0
2023-03-05 06:00:00,15.5,90.0,1.8,0.0
2023-03-05 07:00:00,15.3,91.0,1.5,0.0
2023-03-05 08:00:00,15.0,92.0,2.7,0.0
2023-03-05 09:00:00,14.9,92.0,4.7,0.0
2023-03-05 10:00:00,,94.0,7.0,0.0
2023-03-05 11:00:00,15.0,95.0,7.6,0.0
2023-03-05 12:00:00,16.7,90.0,8.0,0.0
2023-03-05 13:00:00,18.4,84.0,9.2,0.0
2023-03-05 14:00:00,19.6,77.0,11.7,0.0
2023-03-05 15:00:00,20.6,74.0,14.2,0.0
2023-03-05 16:00:00,21.3,70.0,16.1,0.0
2023-03-05 17:00:00,21.9,,16.8,
2023-03-05 18:00:00,22.0,68.0,,0.0
2023-03-05 19:00:00,21.6,69.0,15.0,0.0
2023-03-05 20:00:00,21.2,71.0,13.5,0.0
2023-03-05 21:00:00,20.7,73.0,11.5,0.0
2023-03-05 22:00:00,19.8,76.0,10.9,0.0
2023-03-05 23:00:00,18.9,80.0,7.6,0.0
2023-03-06 00:00:00,18.0,85.0,5.4,0.0
2023-03-06 01:00:00,17.5,87.0,5.6,0.0
2023-03-06 02:00:00,16.8,90.0,6.0,0.0
2023-03-06 03:00:00,16.5,91.0,6.6,0.0
2023-03-06 04:00:00,16.2,91.0,5.4,0.0
2023-03-06 05:00:00,16.1,91.0,4.3,0.0
2023-03-06 06:00:00,15.8,92.0,3.6,0.0
2023-03-06 07:00:00,15.7,92.0,3.6,0.0
2023-03-06 08:00:00,,,4.0,0.0
2023-03-06 09:00:00,14.8,95.0,1.3,0.0
2023-03-06 10:00:00,15.2,97.0,4.3,0.0
2023-03-06 11:00:00,15.3,97.0,4.3,0.0
2023-03-06 12:00:00,16.4,93.0,5.5,0.0
2023-03-06 13:00:00,17.0,90.0,6.2,0.0
2023-03-06 14:00:00,17.9,86.0,6.6,0.0
2023-03-06 15:00:00,18.5,82.0,7.6,0.0
2023-03-06 16:00:00,18.7,81.0,8.7,0.0
2023-03-06 17:00:00,19.3,78.0,10.8,0.0
2023-03-06 18:00:00,20.0,75.0,11.4,0.0
2023-03-06 19:00:00,20.4,73.0,11.9,0.0
2023-03-06 20:00:00,20.6,72.0,13.5,0.0
2023-03-06 21:00:00,20.4,72.0,15.0,0.0
2023-03-06 22:00:00,19.4,76.0,14.9,0.0
2023-03-06 23:00:00,18.3,81.0,14.0,0.0
2023-03-07 00:00:00,17.8,84.0,13.3,0.0
2023-03-07 01:00:00,17.3,86.0,13.5,0.0
2023-03-07 02:00:00,16.5,90.0,13.4,0.0
2023-03-07 03:00:00,16.1,91.0,12.8,0.0
2023-03-07 04:00:00,16.1,90.0,12.0,0.0
2023-03-07 05:00:00,16.1,89.0,10.8,0.0
2023-03-07 06:00:00,15.9,89.0,8.3,0.0
2023-03-07 07:00:00,15.2,93.0,6.9,0.0
2023-03-07 08:00:00,14.9,94.0,7.6,0.0
2023-03-07 09:00:00,14.9,94.0,8.6,0.0
2023-03-07 10:00:00,15.6,93.0,8.3,0.0
2023-03-07 11:00:00,15.1,95.0,,0.0
2023-03-07 12:00:00,16.2,91.0,2.3,0.0
2023-03-07 13:00:00,17.4,85.0,5.4,0.0
2023-03-07 14:00:00,18.1,83.0,7.9,0.0
2023-03-07 15:00:00,18.7,80.0,8.7,0.0
2023-03-07 16:00:00,19.4,77.0,8.0,0.0
2023-03-07 17:00:00,20.3,74.0,9.4,0.0
2023-03-07 18:00:00,20.7,73.0,12.2,0.0
2023-03-07 19:00:00,20.7,74.0,13.3,0.0
2023-03-07 20:00:00,20.0,,12.7,0.0
2023-03-07 21:00:00,19.5,78.0,11.4,0.0
2023-03-07 22:00:00,18.3,83.0,11.3,0.0
2023-03-07 23:00:00,17.2,87.0,9.6,0.0
2023-03-08 00:00:00,16.8,89.0,7.7,
2023-03-08 01:00:00,16.3,91.0,10.0,0.0
2023-03-08 02:00:00,16.1,92.0,9.2,0.0
2023-03-08 03:00:00,16.2,91.0,5.5,0.0
2023-03-08 04:00:00,,88.0,1.8,0.0
2023-03-08 05:00:00,16.7,87.0,1.5,0.0
2023-03-08 06:00:00,16.2,91.0,3.4,0.0
2023-03-08 07:00:00,15.9,91.0,6.7,0.0
2023-03-08 08:00:00,15.6,92.0,8.4,0.0
2023-03-08 09:00:00,15.0,92.0,8.0,0.0
2023-03-08 10:00:00,15.9,90.0,9.1,0.0
2023-03-08 11:00:00,16.1,89.0,8.3,0.0
2023-03-08 12:00:00,16.9,87.0,4.8,0.0
2023-03-08 13:00:00,18.2,82.0,3.6,0.0
2023-03-08 14:00:00,20.1,75.0,9.8,0.0
2023-03-08 15:00:00,20.3,72.0,13.3,0.0
2023-03-08 16:00:00,20.9,68.0,14.1,0.0
2023-03-08 17:00:00,21.6,63.0,14.3,0.0
2023-03-08 18:00:00,22.0,61.0,,0.0
2023-03-08 19:00:00,21.9,61.0,14.5,0.0
2023-03-08 20:00:00,21.7,61.0,15.3,0.0
2023-03-08 21:00:00,21.5,63.0,15.3,0.0
2023-03-08 22:00:00,20.5,67.0,14.3,0.0
2023-03-08 23:00:00,19.5,73.0,13.4,0.0
2023-03-09 00:00:00,18.8,77.0,12.8,0.0
2023-03-09 01:00:00,18.3,79.0,12.6,0.0
2023-03-09 02:00:00,17.6,84.0,12.1,0.0
2023-03-09 03:00:00,16.8,88.0,11.9,0.0
2023-03-09 04:00:00,16.4,89.0,12.2,0.0
2023-03-09 05:00:00,16.4,88.0,,0.0
2023-03-09 06:00:00,,90.0,11.9,0.0
2023-03-09 07:00:00,15.3,91.0,9.3,0.0
2023-03-09 08:00:00,14.9,92.0,7.0,0.0
2023-03-09 09:00:00,14.7,92.0,5.5,0.0
2023-03-09 10:00:00,14.8,91.0,,0.0
2023-03-09 11:00:00,14.8,92.0,4.1,0.0
2023-03-09 12:00:00,17.0,84.0,5.7,0.0
2023-03-09 13:00:00,18.1,79.0,10.5,0.0
2023-03-09 14:00:00,19.0,77.0,12.0,0.0
2023-03-09 15:00:00,19.7,75.0,12.2,0.0
2023-03-09 16:00:00,20.3,74.0,14.3,0.0
2023-03-09 17:00:00,20.8,72.0,14.3,0.0
2023-03-09 18:00:00,21.3,70.0,14.3,0.0
2023-03-09 19:00:00,21.1,71.0,15.9,0.0
2023-03-09 20:00:00,20.6,73.0,16.5,0.0
2023-03-09 21:00:00,19.9,77.0,17.1,0.0
2023-03-09 22:00:00,19.0,81.0,15.4,0.0
2023-03-09 23:00:00,18.5,83.0,14.2,0.0
2023-03-10 00:00:00,,85.0,11.6,0.0
2023-03-10 01:00:00,17.4,87.0,10.6,0.0
2023-03-10 02:00:00,,91.0,10.5,0.0
2023-03-10 03:00:00,15.7,93.0,10.2,0.0
2023-03-10 04:00:00,16.2,90.0,10.8,0.0
2023-03-10 05:00:00,15.8,92.0,35.0,0.0
2023-03-10 06:00:00,15.3,95.0,6.5,0.0
2023-03-10 07:00:00,15.0,96.0,5.0,0.0
2023-03-10 08:00:00,14.9,96.0,4.9,0.0
2023-03-10 09:00:00,14.7,97.0,4.6,0.0
2023-03-10 10:00:00,14.7,95.0,3.2,0.0
2023-03-10 11:00:00,14.8,94.0,4.2,0.0
2023-03-10 12:00:00,16.4,88.0,6.0,0.0
2023-03-10 13:00:00,17.4,84.0,5.9,0.0
2023-03-10 14:00:00,,78.0,6.7,0.0
2023-03-10 15:00:00,19.1,75.0,8.9,0.0
2023-03-10 16:00:00,19.7,73.0,12.1,0.0
2023-03-10 17:00:00,20.5,70.0,14.0,0.0
2023-03-10 18:00:00,20.9,71.0,15.6,0.0
2023-03-10 19:00:00,20.9,70.0,16.1,0.0
2023-03-10 20:00:00,20.9,70.0,16.0,0.0
2023-03-10 21:00:00,20.4,72.0,14.5,0.0
2023-03-10 22:00:00,19.2,75.0,12.3,0.0
2023-03-10 23:00:00,18.1,81.0,11.7,0.0
2023-03-11 00:00:00,17.6,84.0,9.0,0.0
2023-03-11 01:00:00,17.0,87.0,7.3,0.0
2023-03-11 02:00:00,16.5,88.0,5.4,0.0
2023-03-11 03:00:00,16.1,89.0,3.1,0.0
2023-03-11 04:00:00,16.1,90.0,3.6,0.0
2023-03-11 05:00:00,15.8,91.0,3.9,0.0
2023-03-11 06:00:00,15.6,91.0,4.2,0.0
2023-03-11 07:00:00,15.1,93.0,4.5,0.0
2023-03-11 08:00:00,15.5,91.0,3.5,0.0
2023-03-11 09:00:00,15.6,91.0,2.6,0.0
2023-03-11 10:00:00,15.6,90.0,2.3,0.0
2023-03-11 11:00:00,15.3,90.0,2.3,
2023-03-11 12:00:00,16.3,88.0,1.5,0.0
2023-03-11 13:00:00,17.4,82.0,3.7,0.0
2023-03-11 14:00:00,18.5,,6.9,0.0
2023-03-11 15:00:00,19.3,74.0,10.1,
2023-03-11 16:00:00,20.1,71.0,11.5,0.0
2023-03-11 17:00:00,20.8,69.0,12.3,0.0
2023-03-11 18:00:00,21.1,69.0,12.5,0.0
2023-03-11 19:00:00,21.2,69.0,13.0,0.0
2023-03-11 20:00:00,20.9,71.0,,0.0
2023-03-11 21:00:00,,73.0,10.6,0.0
2023-03-11 22:00:00,19.3,76.0,9.5,0.0
2023-03-11 23:00:00,18.1,81.0,7.3,0.0
2023-03-12 00:00:00,17.8,82.0,5.3,0.0
2023-03-12 01:00:00,17.2,84.0,4.3,0.0
2023-03-12 02:00:00,17.0,83.0,5.4,0.0
2023-03-12 03:00:00,16.2,89.0,6.6,0.0
2023-03-12 04:00:00,16.0,89.0,,0.0
2023-03-12 05:00:00,15.6,91.0,6.1,0.0
2023-03-12 06:00:00,15.5,91.0,6.1,0.0
2023-03-12 07:00:00,15.1,92.0,6.1,0.0
2023-03-12 08:00:00,,93.0,5.2,0.0
2023-03-12 09:00:00,14.5,94.0,4.5,0.0
2023-03-12 10:00:00,14.3,95.0,3.3,0.0
2023-03-12 11:00:00,14.6,94.0,4.2,0.0
2023-03-12 12:00:00,16.7,85.0,7.1,0.0
2023-03-12 13:00:00,18.2,81.0,9.1,0.0
2023-03-12 14:00:00,19.2,77.0,11.2,0.0
2023-03-12 15:00:00,19.9,75.0,13.6,0.0
2023-03-12 16:00:00,20.3,,13.9,0.0
2023-03-12 17:00:00,20.7,72.0,12.7,0.0
2023-03-12 18:00:00,21.1,71.0,11.6,0.0
2023-03-12 19:00:00,21.1,71.0,11.3,0.0
2023-03-12 20:00:00,21.2,71.0,,0.0
2023-03-12 21:00:00,,72.0,12.5,0.0
2023-03-12 22:00:00,20.0,76.0,10.6,0.0
2023-03-12 23:00:00,19.0,80.0,10.7,0.0
2023-03-13 00:00:00,18.3,83.0,10.3,0.0
2023-03-13 01:00:00,18.0,85.0,9.6,0.0
2023-03-13 02:00:00,,87.0,8.8,0.0
2023-03-13 03:00:00,16.8,90.0,,0.0
2023-03-13 04:00:00,16.5,90.0,9.4,0.0
2023-03-13 05:00:00,16.3,91.0,8.0,
2023-03-13 06:00:00,16.1,91.0,6.2,0.0
2023-03-13 07:00:00,15.6,93.0,5.2,0.0
2023-03-13 08:00:00,15.3,94.0,5.1,0.0
2023-03-13 09:00:00,15.4,93.0,5.4,0.0
2023-03-13 10:00:00,15.1,,5.5,0.0
2023-03-13 11:00:00,15.1,95.0,5.1,0.0
2023-03-13 12:00:00,16.9,87.0,8.8,0.0
2023-03-13 13:00:00,18.6,81.0,11.2,0.0
2023-03-13 14:00:00,19.5,77.0,9.7,0.0
2023-03-13 15:00:00,20.3,75.0,9.4,0.0
2023-03-13 16:00:00,20.7,75.0,12.8,0.0
2023-03-13 17:00:00,20.9,75.0,16.4,0.0
2023-03-13 18:00:00,21.6,73.0,17.0,0.0
2023-03-13 19:00:00,21.7,73.0,17.8,0.0
2023-03-13 20:00:00,,75.0,16.6,0.0
2023-03-13 21:00:00,20.8,,,0.0
2023-03-13 22:00:00,19.6,84.0,14.3,0.0
2023-03-13 23:00:00,18.8,88.0,11.4,0.0
2023-03-14 00:00:00,18.4,89.0,9.3,0.0
2023-03-14 01:00:00,18.2,90.0,10.0,0.0
2023-03-14 02:00:00,17.6,92.0,12.1,0.0
2023-03-14 03:00:00,17.3,93.0,12.4,0.0
2023-03-14 04:00:00,17.1,93.0,12.2,0.0
2023-03-14 05:00:00,17.0,93.0,11.2,0.0
2023-03-14 06:00:00,16.4,94.0,,0.0
2023-03-14 07:00:00,16.3,95.0,7.3,0.0
2023-03-14 08:00:00,16.1,95.0,4.9,0.0
2023-03-14 09:00:00,15.6,96.0,3.9,0.0
2023-03-14 10:00:00,15.8,97.0,5.4,0.0
2023-03-14 11:00:00,15.6,98.0,5.4,0.0
2023-03-14 12:00:00,16.4,96.0,6.6,0.0
2023-03-14 13:00:00,17.9,89.0,7.4,0.0
2023-03-14 14:00:00,19.2,83.0,8.4,0.0
2023-03-14 15:00:00,20.4,77.0,11.2,0.0
2023-03-14 16:00:00,20.9,75.0,13.1,0.0
2023-03-14 17:00:00,21.5,72.0,13.6,0.0
2023-03-14 18:00:00,21.9,69.0,13.9,
2023-03-14 19:00:00,22.0,68.0,14.9,0.0
2023-03-14 20:00:00,21.7,69.0,15.5,0.0
2023-03-14 21:00:00,21.5,68.0,14.1,0.0
2023-03-14 22:00:00,20.4,70.0,13.7,0.0
2023-03-14 23:00:00,19.2,73.0,12.8,0.0
2023-03-15 00:00:00,18.5,75.0,11.6,0.0
2023-03-15 01:00:00,18.0,75.0,10.8,0.0
2023-03-15 02:00:00,17.1,79.0,10.3,0.0
2023-03-15 03:00:00,16.4,81.0,10.4,0.0
2023-03-15 04:00:00,15.9,83.0,9.2,0.0
2023-03-15 05:00:00,15.5,84.0,7.0,0.0
2023-03-15 06:00:00,15.1,84.0,5.8,0.0
2023-03-15 07:00:00,14.8,85.0,5.2,0.0
2023-03-15 08:00:00,14.5,,5.8,0.0
2023-03-15 09:00:00,14.3,86.0,6.5,0.0
2023-03-15 10:00:00,13.9,,9.0,0.0
2023-03-15 11:00:00,14.0,84.0,10.9,0.0
2023-03-15 12:00:00,16.9,73.0,10.4,0.0
2023-03-15 13:00:00,19.2,59.0,10.0,0.0
2023-03-15 14:00:00,20.8,55.0,10.5,0.0
2023-03-15 15:00:00,21.7,54.0,12.2,0.0
2023-03-15 16:00:00,22.1,52.0,15.1,0.0
2023-03-15 17:00:00,22.6,50.0,16.9,0.0
2023-03-15 18:00:00,,49.0,18.1,0.0
2023-03-15 19:00:00,22.7,50.0,17.8,0.0
2023-03-15 20:00:00,22.6,,17.1,0.0
2023-03-15 21:00:00,22.3,53.0,15.9,0.0
2023-03-15 22:00:00,21.3,58.0,14.0,0.0
2023-03-15 23:00:00,20.2,63.0,11.7,0.0
2023-03-16 00:00:00,19.4,68.0,10.1,0.0
2023-03-16 01:00:00,18.6,72.0,10.5,0.0
2023-03-16 02:00:00,17.3,77.0,10.4,0.0
2023-03-16 03:00:00,16.7,79.0,,0.0
2023-03-16 04:00:00,16.1,81.0,8.7,0.0
2023-03-16 05:00:00,15.7,81.0,7.7,0.0
2023-03-16 06:00:00,15.2,83.0,6.6,0.0
2023-03-16 07:00:00,14.6,84.0,6.3,0.0
2023-03-16 08:00:00,14.2,84.0,6.9,0.0
2023-03-16 09:00:00,14.4,83.0,7.8,0.0
2023-03-16 10:00:00,14.2,86.0,7.1,0.0
2023-03-16 11:00:00,14.3,,6.0,0.0
2023-03-16 12:00:00,16.9,77.0,4.7,0.0
2023-03-16 13:00:00,19.2,67.0,4.9,0.0
2023-03-16 14:00:00,20.3,66.0,7.0,0.0
2023-03-16 15:00:00,21.3,65.0,10.3,0.0
2023-03-16 16:00:00,21.8,66.0,12.0,0.0
2023-03-16 17:00:00,22.3,66.0,12.9,0.0
2023-03-16 18:00:00,22.5,69.0,14.8,0.0
2023-03-16 19:00:00,22.4,70.0,14.5,0.0
2023-03-16 20:00:00,22.2,72.0,14.0,0.0
2023-03-16 21:00:00,,74.0,15.2,0.0
2023-03-16 22:00:00,20.2,81.0,13.8,0.0
2023-03-16 23:00:00,19.2,,11.8,0.0
2023-03-17 00:00:00,18.7,89.0,10.8,0.0
2023-03-17 01:00:00,18.4,90.0,9.0,0.0
2023-03-17 02:00:00,,93.0,7.6,0.0
2023-03-17 03:00:00,16.9,94.0,7.6,0.0
2023-03-17 04:00:00,16.4,,5.9,0.0
2023-03-17 05:00:00,16.1,94.0,5.8,0.0
2023-03-17 06:00:00,,92.0,6.5,
2023-03-17 07:00:00,16.1,92.0,7.6,0.0
2023-03-17 08:00:00,15.6,93.0,7.9,0.0
2023-03-17 09:00:00,15.3,93.0,7.3,0.0
2023-03-17 10:00:00,14.6,96.0,5.1,0.0
2023-03-17 11:00:00,14.6,96.0,6.0,0.0
2023-03-17 12:00:00,16.8,90.0,7.0,0.0
2023-03-17 13:00:00,18.4,83.0,8.9,0.0
2023-03-17 14:00:00,19.4,79.0,9.5,0.0
2023-03-17 15:00:00,20.3,76.0,10.7,0.0
2023-03-17 16:00:00,21.0,74.0,14.4,
2023-03-17 17:00:00,21.5,72.0,15.9,0.0
2023-03-17 18:00:00,21.8,72.0,16.6,0.0
2023-03-17 19:00:00,21.5,74.0,17.3,0.0
2023-03-17 20:00:00,21.1,76.0,17.6,0.0
2023-03-17 21:00:00,20.8,78.0,16.9,0.0
2023-03-17 22:00:00,19.9,,15.3,0.0
2023-03-17 23:00:00,18.9,87.0,14.3,0.0
2023-03-18 00:00:00,18.3,89.0,12.5,0.0
2023-03-18 01:00:00,17.9,91.0,12.1,0.0
2023-03-18 02:00:00,17.3,92.0,11.6,0.0
2023-03-18 03:00:00,17.1,91.0,11.3,0.0
2023-03-18 04:00:00,17.0,90.0,11.6,0.0
2023-03-18 05:00:00,16.4,92.0,11.7,0.0
2023-03-18 06:00:00,16.1,92.0,11.6,0.0
2023-03-18 07:00:00,15.5,93.0,11.3,0.0
2023-03-18 08:00:00,15.3,93.0,11.6,0.0
2023-03-18 09:00:00,14.8,94.0,11.5,0.0
2023-03-18 10:00:00,15.2,,10.9,0.0
2023-03-18 11:00:00,15.2,93.0,9.7,0.0
2023-03-18 12:00:00,17.3,86.0,9.0,0.0
2023-03-18 13:00:00,,79.0,7.7,0.0
2023-03-18 14:00:00,20.8,74.0,10.5,0.0
2023-03-18 15:00:00,21.7,73.0,15.0,0.0
2023-03-18 16:00:00,22.4,71.0,18.3,0.0
2023-03-18 17:00:00,22.7,70.0,19.9,0.0
2023-03-18 18:00:00,23.1,69.0,20.7,0.0
2023-03-18 19:00:00,22.9,70.0,21.0,0.0
2023-03-18 20:00:00,22.6,71.0,20.7,0.0
2023-03-18 21:00:00,22.6,71.0,20.3,0.0
2023-03-18 22:00:00,21.7,74.0,16.7,0.0
2023-03-18 23:00:00,21.0,77.0,15.8,0.0
2023-03-19 00:00:00,20.3,79.0,15.5,0.0
2023-03-19 01:00:00,19.6,80.0,15.2,0.0
2023-03-19 02:00:00,18.7,,14.8,0.0
2023-03-19 03:00:00,18.3,83.0,14.8,0.0
2023-03-19 04:00:00,17.8,84.0,14.1,0.0
2023-03-19 05:00:00,17.4,84.0,13.7,0.0
2023-03-19 06:00:00,16.9,85.0,13.7,0.0
2023-03-19 07:00:00,16.6,85.0,13.7,0.0
2023-03-19 08:00:00,16.3,86.0,12.6,0.0
2023-03-19 09:00:00,15.9,87.0,11.5,0.0
2023-03-19 10:00:00,,90.0,10.4,0.0
2023-03-19 11:00:00,15.3,91.0,9.4,0.0
2023-03-19 12:00:00,17.8,81.0,9.0,0.0
2023-03-19 13:00:00,20.7,71.0,10.0,0.0
2023-03-19 14:00:00,21.6,69.0,10.4,0.0
2023-03-19 15:00:00,22.4,69.0,12.3,0.0
2023-03-19 16:00:00,22.5,71.0,13.4,0.0
2023-03-19 17:00:00,23.0,73.0,13.7,0.0
2023-03-19 18:00:00,23.0,74.0,13.4,
2023-03-19 19:00:00,22.4,77.0,12.7,0.0
2023-03-19 20:00:00,21.7,80.0,12.2,0.0
2023-03-19 21:00:00,21.4,80.0,12.4,0.0
2023-03-19 22:00:00,20.5,82.0,11.4,0.0
2023-03-19 23:00:00,19.5,87.0,10.1,0.0
2023-03-20 00:00:00,18.7,91.0,8.8,0.0
2023-03-20 01:00:00,18.1,93.0,6.8,0.0
2023-03-20 02:00:00,18.1,91.0,6.9,0.0
2023-03-20 03:00:00,17.8,92.0,7.1,0.0
2023-03-20 04:00:00,17.2,92.0,6.0,0.0
2023-03-20 05:00:00,16.5,95.0,4.2,0.0
2023-03-20 06:00:00,16.2,96.0,3.8,
2023-03-20 07:00:00,15.7,97.0,4.3,0.0
2023-03-20 08:00:00,,97.0,3.8,0.0
2023-03-20 09:00:00,15.7,98.0,1.8,0.0
2023-03-20 10:00:00,,97.0,2.9,0.0
2023-03-20 11:00:00,15.8,97.0,6.5,0.0
2023-03-20 12:00:00,16.8,95.0,8.4,0.0
2023-03-20 13:00:00,17.5,92.0,9.2,0.0
2023-03-20 14:00:00,18.5,88.0,11.0,0.0
2023-03-20 15:00:00,19.2,84.0,11.5,0.0
2023-03-20 16:00:00,19.9,82.0,11.7,0.0
2023-03-20 17:00:00,20.5,80.0,12.5,0.0
2023-03-20 18:00:00,20.9,79.0,13.3,0.0
2023-03-20 19:00:00,21.2,77.0,12.9,0.0
2023-03-20 20:00:00,21.3,77.0,12.1,0.0
2023-03-20 21:00:00,20.9,79.0,10.1,0.0
2023-03-20 22:00:00,19.7,82.0,8.7,0.0
2023-03-20 23:00:00,18.7,87.0,8.0,0.0
2023-03-21 00:00:00,17.9,92.0,7.7,0.0
2023-03-21 01:00:00,17.5,92.0,8.2,0.0
2023-03-21 02:00:00,16.6,94.0,7.9,0.0
2023-03-21 03:00:00,16.0,97.0,8.8,0.0
2023-03-21 04:00:00,15.7,97.0,8.7,0.0
2023-03-21 05:00:00,15.3,97.0,7.9,0.0
2023-03-21 06:00:00,14.9,97.0,6.5,0.0
2023-03-21 07:00:00,,96.0,6.1,0.0
2023-03-21 08:00:00,14.5,96.0,6.1,0.0
2023-03-21 09:00:00,14.4,96.0,6.1,0.0
2023-03-21 10:00:00,15.1,94.0,5.4,0.0
2023-03-21 11:00:00,15.1,94.0,2.9,0.0
2023-03-21 12:00:00,16.6,89.0,0.4,0.0
2023-03-21 13:00:00,18.3,83.0,5.6,0.0
2023-03-21 14:00:00,19.1,80.0,8.9,0.0
2023-03-21 15:00:00,20.4,75.0,9.4,0.0
2023-03-21 16:00:00,21.1,74.0,9.8,0.0
2023-03-21 17:00:00,21.7,72.0,11.6,0.0
2023-03-21 18:00:00,22.3,70.0,13.2,0.0
2023-03-21 19:00:00,22.2,69.0,14.2,0.0
2023-03-21 20:00:00,22.2,69.0,13.5,0.0
2023-03-21 21:00:00,21.5,72.0,13.5,0.0
2023-03-21 22:00:00,20.5,75.0,13.2,0.0
2023-03-21 23:00:00,19.3,,11.0,0.0
2023-03-22 00:00:00,18.3,86.0,9.4,0.0
2023-03-22 01:00:00,17.7,88.0,8.3,0.0
2023-03-22 02:00:00,,91.0,7.6,0.0
2023-03-22 03:00:00,16.2,91.0,7.2,0.0
2023-03-22 04:00:00,15.9,91.0,7.6,0.0
2023-03-22 05:00:00,15.6,91.0,7.9,0.0
2023-03-22 06:00:00,15.4,91.0,8.3,0.0
2023-03-22 07:00:00,15.4,91.0,8.6,
2023-03-22 08:00:00,14.9,91.0,7.9,0.0
2023-03-22 09:00:00,14.9,91.0,6.9,0.0
2023-03-22 10:00:00,15.0,91.0,5.4,0.0
2023-03-22 11:00:00,,92.0,4.7,0.0
2023-03-22 12:00:00,16.5,86.0,3.8,0.0
2023-03-22 13:00:00,19.6,72.0,3.8,0.0
2023-03-22 14:00:00,20.8,68.0,8.4,0.0
2023-03-22 15:00:00,21.7,68.0,11.4,0.0
2023-03-22 16:00:00,22.2,68.0,12.6,0.0
2023-03-22 17:00:00,22.5,68.0,13.5,0.0
2023-03-22 18:00:00,22.5,69.0,13.9,0.0
2023-03-22 19:00:00,22.2,69.0,14.2,
2023-03-22 20:00:00,21.7,71.0,14.3,
2023-03-22 21:00:00,21.2,72.0,13.2,0.0
2023-03-22 22:00:00,20.6,71.0,11.5,0.0
2023-03-22 23:00:00,19.5,77.0,8.9,0.0
2023-03-23 00:00:00,18.2,84.0,10.7,0.0
2023-03-23 01:00:00,17.5,84.0,10.8,0.0
2023-03-23 02:00:00,16.7,84.0,10.4,0.0
2023-03-23 03:00:00,16.2,84.0,9.7,0.0
2023-03-23 04:00:00,15.7,83.0,9.7,
2023-03-23 05:00:00,15.3,83.0,10.4,0.0
2023-03-23 06:00:00,15.0,83.0,10.4,0.0
2023-03-23 07:00:00,14.8,82.0,,0.0
2023-03-23 08:00:00,14.7,82.0,7.6,0.0
2023-03-23 09:00:00,14.5,82.0,6.7,0.0
2023-03-23 10:00:00,14.3,85.0,4.7,0.0
2023-03-23 11:00:00,14.2,85.0,3.5,0.0
2023-03-23 12:00:00,16.0,79.0,3.9,0.0
2023-03-23 13:00:00,19.6,68.0,4.2,0.0
2023-03-23 14:00:00,21.1,63.0,6.6,0.0
2023-03-23 15:00:00,22.6,60.0,8.7,0.0
2023-03-23 16:00:00,23.4,60.0,11.6,0.0
2023-03-23 17:00:00,23.9,59.0,14.1,0.0
2023-03-23 18:00:00,24.1,61.0,15.9,0.0
2023-03-23 19:00:00,24.2,60.0,,0.0
2023-03-23 20:00:00,23.8,62.0,16.1,0.0
2023-03-23 21:00:00,23.0,62.0,15.4,
2023-03-23 22:00:00,21.9,65.0,13.2,0.0
2023-03-23 23:00:00,20.5,,11.4,0.0
2023-03-24 00:00:00,,78.0,9.7,0.0
2023-03-24 01:00:00,18.4,77.0,9.4,0.0
2023-03-24 02:00:00,17.5,77.0,9.5,0.0
2023-03-24 03:00:00,16.8,79.0,,0.0
2023-03-24 04:00:00,16.4,79.0,10.4,0.0
2023-03-24 05:00:00,16.3,78.0,9.7,0.0
2023-03-24 06:00:00,16.0,79.0,9.4,0.0
2023-03-24 07:00:00,15.8,79.0,10.1,0.0
2023-03-24 08:00:00,15.6,80.0,10.4,0.0
2023-03-24 09:00:00,15.3,80.0,10.1,0.0
2023-03-24 10:00:00,15.3,80.0,9.4,0.0
2023-03-24 11:00:00,15.1,80.0,8.7,0.0
2023-03-24 12:00:00,17.0,74.0,7.4,0.0
2023-03-24 13:00:00,20.5,63.0,6.2,0.0
2023-03-24 14:00:00,22.4,55.0,9.9,0.0
2023-03-24 15:00:00,23.3,55.0,,0.0
2023-03-24 16:00:00,23.9,56.0,14.3,0.0
2023-03-24 17:00:00,24.3,56.0,15.0,0.0
2023-03-24 18:00:00,24.5,56.0,15.3,0.0
2023-03-24 19:00:00,,57.0,,0.0
2023-03-24 20:00:00,23.7,59.0,14.8,0.0
2023-03-24 21:00:00,22.7,61.0,13.0,0.0
2023-03-24 22:00:00,20.8,68.0,9.0,0.0
2023-03-24 23:00:00,19.1,76.0,,0.0
2023-03-25 00:00:00,18.4,78.0,4.1,0.0
2023-03-25 01:00:00,17.3,83.0,4.0,0.0
2023-03-25 02:00:00,16.3,84.0,4.8,0.0
2023-03-25 03:00:00,16.0,85.0,5.0,0.0
2023-03-25 04:00:00,15.5,85.0,5.4,0.0
2023-03-25 05:00:00,15.3,84.0,5.8,0.0
2023-03-25 06:00:00,15.2,84.0,5.5,
2023-03-25 07:00:00,15.0,83.0,5.9,0.0
2023-03-25 08:00:00,15.1,80.0,6.3,0.0
2023-03-25 09:00:00,14.9,79.0,7.0,0.0
2023-03-25 10:00:00,14.1,88.0,7.0,0.0
2023-03-25 11:00:00,14.1,87.0,7.4,0.0
2023-03-25 12:00:00,16.1,79.0,7.4,0.0
2023-03-25 13:00:00,20.0,66.0,8.0,0.0
2023-03-25 14:00:00,21.8,58.0,10.1,0.0
2023-03-25 15:00:00,22.6,56.0,,0.0
2023-03-25 16:00:00,,57.0,13.5,0.0
2023-03-25 17:00:00,23.6,57.0,16.0,0.0
2023-03-25 18:00:00,23.7,57.0,,0.0
2023-03-25 19:00:00,23.4,59.0,15.4,0.0
2023-03-25 20:00:00,22.8,62.0,13.4,0.0
2023-03-25 21:00:00,21.7,65.0,11.5,0.0
2023-03-25 22:00:00,20.3,70.0,7.4,0.0
2023-03-25 23:00:00,18.8,79.0,5.2,0.0
2023-03-26 00:00:00,18.0,81.0,4.3,0.0
2023-03-26 01:00:00,17.4,84.0,5.1,0.0
2023-03-26 02:00:00,16.4,88.0,4.1,0.0
2023-03-26 03:00:00,15.7,,3.1,0.0
2023-03-26 04:00:00,15.2,90.0,2.6,0.0
2023-03-26 05:00:00,14.8,92.0,3.0,0.0
2023-03-26 06:00:00,14.6,92.0,2.9,0.0
2023-03-26 07:00:00,14.2,93.0,2.9,0.0
2023-03-26 08:00:00,13.9,94.0,2.2,0.0
2023-03-26 09:00:00,13.8,95.0,1.1,0.0
2023-03-26 10:00:00,13.2,,0.5,0.0
2023-03-26 11:00:00,13.2,96.0,3.7,0.0
2023-03-26 12:00:00,15.4,90.0,5.1,0.0
2023-03-26 13:00:00,17.0,86.0,6.5,0.0
2023-03-26 14:00:00,17.9,82.0,7.5,0.0
2023-03-26 15:00:00,18.8,80.0,,0.0
2023-03-26 16:00:00,19.6,76.0,9.5,0.0
2023-03-26 17:00:00,20.2,74.0,10.5,0.0
2023-03-26 18:00:00,20.8,71.0,11.5,0.0
2023-03-26 19:00:00,20.7,71.0,11.9,0.0
2023-03-26 20:00:00,20.5,72.0,11.0,0.0
2023-03-26 21:00:00,20.0,74.0,10.5,0.0
2023-03-26 22:00:00,18.9,78.0,10.5,0.0
2023-03-26 23:00:00,18.0,82.0,9.8,0.0
2023-03-27 00:00:00,17.0,88.0,,0.0
2023-03-27 01:00:00,16.8,87.0,7.5,0.0
2023-03-27 02:00:00,16.2,89.0,7.9,0.0
2023-03-27 03:00:00,15.9,,8.2,0.0
2023-03-27 04:00:00,15.6,90.0,6.7,0.0
2023-03-27 05:00:00,,91.0,5.5,0.0
2023-03-27 06:00:00,15.2,92.0,4.6,0.0
2023-03-27 07:00:00,14.9,93.0,4.5,0.0
2023-03-27 08:00:00,14.7,93.0,4.0,0.0
2023-03-27 09:00:00,14.9,93.0,3.9,0.0
2023-03-27 10:00:00,14.6,94.0,4.1,0.0
2023-03-27 11:00:00,14.2,93.0,1.5,0.0
2023-03-27 12:00:00,14.9,91.0,,0.0
2023-03-27 13:00:00,15.5,90.0,5.0,0.0
2023-03-27 14:00:00,16.4,86.0,7.3,0.0
2023-03-27 15:00:00,17.3,81.0,10.0,0.0
2023-03-27 16:00:00,,77.0,11.4,0.0
2023-03-27 17:00:00,18.8,74.0,12.5,0.0
2023-03-27 18:00:00,19.3,71.0,14.1,0.0
2023-03-27 19:00:00,19.5,70.0,14.5,0.0
2023-03-27 20:00:00,19.3,70.0,13.5,0.0
2023-03-27 21:00:00,19.0,71.0,,0.0
2023-03-27 22:00:00,18.0,76.0,13.8,0.0
2023-03-27 23:00:00,16.9,82.0,12.0,0.0
2023-03-28 00:00:00,,86.0,11.1,
2023-03-28 01:00:00,15.4,89.0,12.4,0.0
2023-03-28 02:00:00,14.7,90.0,13.1,0.0
2023-03-28 03:00:00,14.5,91.0,12.4,0.0
2023-03-28 04:00:00,14.2,92.0,9.8,0.0
2023-03-28 05:00:00,14.0,,9.0,0.0
2023-03-28 06:00:00,13.9,92.0,11.3,0.0
2023-03-28 07:00:00,13.6,92.0,12.6,0.0
2023-03-28 08:00:00,13.3,92.0,11.5,
2023-03-28 09:00:00,13.3,92.0,10.1,0.0
2023-03-28 10:00:00,12.8,93.0,9.4,0.0
2023-03-28 11:00:00,12.8,93.0,9.0,0.0
2023-03-28 12:00:00,14.2,87.0,9.8,0.0
2023-03-28 13:00:00,15.4,81.0,11.3,0.0
2023-03-28 14:00:00,16.6,75.0,11.3,0.0
2023-03-28 15:00:00,18.0,72.0,11.5,0.0
2023-03-28 16:00:00,19.0,68.0,13.2,0.0
2023-03-28 17:00:00,19.8,66.0,13.8,0.0
2023-03-28 18:00:00,20.2,65.0,15.0,0.0
2023-03-28 19:00:00,20.1,67.0,18.1,0.0
2023-03-28 20:00:00,19.9,67.0,18.9,0.0
2023-03-28 21:00:00,19.5,68.0,18.5,0.0
2023-03-28 22:00:00,18.6,74.0,13.7,0.0
2023-03-28 23:00:00,17.7,80.0,10.8,0.0
2023-03-29 00:00:00,17.0,85.0,12.8,0.0
2023-03-29 01:00:00,16.5,87.0,13.9,0.0
2023-03-29 02:00:00,15.9,89.0,13.7,0.0
2023-03-29 03:00:00,15.7,89.0,14.4,0.0
2023-03-29 04:00:00,15.2,90.0,14.4,0.0
2023-03-29 05:00:00,14.8,90.0,13.0,0.0
2023-03-29 06:00:00,14.4,90.0,12.2,0.0
2023-03-29 07:00:00,13.9,90.0,,0.0
2023-03-29 08:00:00,13.9,90.0,13.7,
2023-03-29 09:00:00,,89.0,13.0,
2023-03-29 10:00:00,13.5,94.0,,0.0
2023-03-29 11:00:00,13.4,92.0,11.9,0.0
2023-03-29 12:00:00,15.1,84.0,15.9,0.0
2023-03-29 13:00:00,17.9,75.0,,0.0
2023-03-29 14:00:00,19.5,69.0,17.8,0.0
2023-03-29 15:00:00,20.8,64.0,16.6,0.0
2023-03-29 16:00:00,21.2,64.0,18.5,0.0
2023-03-29 17:00:00,21.6,,20.5,0.0
2023-03-29 18:00:00,21.9,62.0,22.4,0.0
2023-03-29 19:00:00,21.7,62.0,23.9,0.0
2023-03-29 20:00:00,21.5,62.0,23.8,0.0
2023-03-29 21:00:00,21.0,61.0,23.7,0.0
2023-03-29 22:00:00,19.7,64.0,22.1,
2023-03-29 23:00:00,18.3,69.0,19.0,0.0
2023-03-30 00:00:00,17.3,71.0,19.0,0.0
2023-03-30 01:00:00,16.2,73.0,18.8,0.0
2023-03-30 02:00:00,15.3,,18.1,0.0
2023-03-30 03:00:00,14.6,76.0,16.9,
2023-03-30 04:00:00,14.1,76.0,15.5,0.0
2023-03-30 05:00:00,13.9,78.0,15.1,0.0
2023-03-30 06:00:00,13.5,79.0,15.1,0.0
2023-03-30 07:00:00,13.5,80.0,14.8,0.0
2023-03-30 08:00:00,,80.0,14.4,0.0
2023-03-30 09:00:00,13.2,81.0,14.1,0.0
2023-03-30 10:00:00,12.4,,14.4,0.0
2023-03-30 11:00:00,12.7,83.0,14.8,0.0
2023-03-30 12:00:00,14.8,75.0,14.7,0.0
2023-03-30 13:00:00,18.2,65.0,13.7,0.0
2023-03-30 14:00:00,20.1,57.0,14.8,0.0
2023-03-30 15:00:00,21.2,54.0,16.3,0.0
2023-03-30 16:00:00,21.8,53.0,19.1,0.0
2023-03-30 17:00:00,22.4,51.0,21.0,0.0
2023-03-30 18:00:00,22.6,51.0,21.1,
2023-03-30 19:00:00,22.6,49.0,20.1,0.0
2023-03-30 20:00:00,22.4,49.0,19.3,0.0
2023-03-30 21:00:00,21.8,53.0,18.8,0.0
2023-03-30 22:00:00,20.0,57.0,16.6,0.0
2023-03-30 23:00:00,18.1,66.0,15.5,
2023-03-31 00:00:00,16.7,69.0,14.4,0.0
2023-03-31 01:00:00,,69.0,13.3,0.0
2023-03-31 02:00:00,15.3,69.0,12.3,0.0
2023-03-31 03:00:00,15.2,67.0,11.5,0.0
2023-03-31 04:00:00,14.8,68.0,11.5,0.0
2023-03-31 05:00:00,14.6,68.0,11.4,0.0
2023-03-31 06:00:00,14.5,68.0,10.6,0.0
2023-03-31 07:00:00,14.3,,9.5,0.0
2023-03-31 08:00:00,14.2,70.0,8.9,0.0
2023-03-31 09:00:00,14.0,72.0,8.7,0.0
2023-03-31 10:00:00,,73.0,8.4,0.0
2023-03-31 11:00:00,13.1,73.0,7.6,0.0
2023-03-31 12:00:00,15.0,67.0,8.7,0.0
2023-03-31 13:00:00,18.8,61.0,9.4,0.0
2023-03-31 14:00:00,20.8,51.0,9.8,0.0
2023-03-31 15:00:00,21.8,51.0,11.4,0.0
2023-03-31 16:00:00,22.4,51.0,13.0,0.0
2023-03-31 17:00:00,22.7,52.0,14.1,0.0
2023-03-31 18:00:00,23.1,,14.4,0.0
2023-03-31 19:00:00,22.9,58.0,,0.0
2023-03-31 20:00:00,21.9,60.0,13.0,0.0
2023-03-31 21:00:00,20.5,62.0,12.0,0.0
2023-03-31 22:00:00,19.2,67.0,10.2,0.0
2023-03-31 23:00:00,17.2,77.0,9.8,0.0
